sample_id,id,claim_text,doctor_explanation,annotator1_label,annotator2_label,notes
S191,MFCI-2592,"The NEET PG 2025 exam has been rescheduled to 17th August 2025, with the cut-off date for eligibility continuing to be 15th August 2025, attributed to the National Board of Examinations in Medical Sciences (NBEMS).","The claim that the NEET PG 2025 exam has been postponed to 17th August 2025 is FALSE. A fabricated notice dated 01/04/2025 has been shared on various platforms suggesting that the NEET PG 2025 exam has been postponed to 17th August 2025. This notice falsely attributes the rescheduling to the NBEMS. As of the latest official update from the National Board of Examinations in Medical Sciences (NBEMS) dated 17th March 2025, the NEET PG 2025 will be held on 15th June 2025, and NBEMS has announced no rescheduling. The authentic and latest official notification from NBEMS was released on 17th March 2025, which clearly states: 'National Board of Examinations in Medical Sciences (NBEMS) shall conduct the NEET-PG 2025 on 15th June 2025 on a Computer Based Platform in Two Shifts.' The circulated notice mentioning 17th August 2025 has been officially dismissed as incorrect and should not be considered genuine. Several users in the comments section of the post on X are calling out the content as FAKE. For instance, @medicos_09 labeled it 'fake'. PIBFactCheck also conducted a fact check on X and confirmed that the notice circulated was fake. The official communication regarding the conduction of the NEET PG exam is available on the NBEMS website (https://natboard.edu.in) and supersedes any unverified claims or manipulated notices appearing online. Students are advised to disregard unofficial sources and follow the official NBEMS website for accurate updates.",False,False,
S107,MFCI-0706,"Cure to Covid-19 has been found in local fruit Sapota, commonly known as Chikoo.","The photo is clearly altered. Though the top header contains the logo of Times of India, it has no dates, location of the edition and other details that go in the header. A closer observation also shows clear discrepancy in the fonts used and alignment of the text. A quick search on The Times of India website does not show any such article in the digital version. There is no research that suggests Chikoo can cure Covid-19. No authority institutions including the World Health Organization (WHO), Ministry of Health and Family Welfare (MoHFW), or ICMR have listed Chikoo in the available treatments for COVID-19. Like many fruits, Chikoo is loaded with dietary fibre, and vitamins A, B, and C and is also packed with antioxidants. This makes it a great addition in diet for boosting immunity. However, the fruit alone cannot cure Covid-19. Another claim suggests that eating chikoo can improve eyesight, which is false.",False,False,
S156,MFCI-1447,Turmeric can purify blood,"Dr Almas Fatma, a diabetologist in Mumbai, explains, ""No herbs or natural remedy can 'purify' blood in the medical sense, like dialysis does for individuals with kidney failure. Dialysis is a medical procedure that filters waste, excess fluids, and toxins from the blood when the kidneys are no longer able to perform this function. While some herbs are believed to support liver or kidney function, they cannot replace the role of these organs or perform the complex filtration required to cleanse the blood. Healthy lifestyle habits, including proper hydration and balanced nutrition, support overall detoxification, but they don't 'purify' the blood directly."" Dr Swati Dave, PhD in Food and Nutrition, says, ""No, turmeric does not 'purify' your blood in the way that some traditional medicine claims. The concept of 'blood purification' is a bit ambiguous and doesn't have a precise medical definition. While turmeric is an excellent anti-inflammatory and antioxidant, there's no scientific evidence to suggest that it directly cleanses or detoxifies the blood."" She further explains, ""Turmeric contains an active compound called curcumin, which has been studied for its anti-inflammatory and antioxidant properties. These properties can support overall health by reducing inflammation and oxidative stress in the body, but this doesn't translate into the blood being 'purified' as some might believe."" Dr Mohit Sandhu, BAMS|CAD|CAC|PGDAKS from Gurgaon says, ""Turmeric might support the liver's function by reducing inflammation and providing antioxidant support, but it doesn't actively 'detox' the blood or body."" Detoxification primarily happens in the liver, kidneys, and other organs, which naturally filter out toxins. Some studies show that curcumin (turmeric's active ingredient) can support liver health, which is crucial for the body's natural detoxification process. However, this support doesn't mean turmeric is removing harmful substances directly from the blood. The liver's job is to break down and remove toxins, and while turmeric may help improve liver function, it doesn't replace or accelerate this process. While turmeric is a powerful and beneficial spice with anti-inflammatory and antioxidant properties, the idea that it 'purifies' the blood is not scientifically supported. The body's natural detoxification mechanisms are far more capable of removing toxins than any supplement or spice. Turmeric can support these processes by promoting liver health and reducing inflammation, but it doesn't cleanse the blood directly.",False,Partly True,
S045,MFCI-1954,"An Instagram post suggests that kalonji seeds are extremely powerful, claiming that Ayurveda refers to them as the ""Black Seeds of Miracle"" and that the Quran states these seeds can cure every illness except death. The post goes on to say that the seeds truly live up to the hype. In the accompanying video, it's written that kalonji can cure several health conditions, including diabetes, hair fall, thyroid problems, and more.","## Does kalonji cure diabetes completely?
No, kalonji cannot cure diabetes. While kalonji seeds have been studied for their potential to help regulate blood sugar levels, there's no scientific evidence that they can cure diabetes and diabetes whether its type 1 or type 2 cannot be cured.
What some early research does suggest is that thymoquinone, a compound found in kalonji, might have anti-inflammatory and antioxidant effects. These could play a small supporting role in helping the body manage blood sugar. A few small studies have modest improvements in fasting blood glucose when kalonji is taken alongside prescribed medication.
But, and this is important, kalonji is not a replacement for insulin or oral anti-diabetic drugs. The most trusted diabetes guidelines globally do not list kalonji as a treatment. Relying on it alone could lead to dangerous sugar spikes, nerve damage, or even organ failure over time.
Dr Almas Fatma, a General Physician from Navi Mumbai with qualifications in Family Medicine and Digital Health, explains that consuming kalonji seeds, whether raw, in food, or as oil, cannot cure diabetes. She stresses that diabetes is a complex metabolic condition with no known cure at present. Proper management involves a balanced diet, regular physical activity, and often medication under medical supervision. Believing in unverified claims, she warns, can be risky and may lead to delays in getting the right treatment. Consulting qualified healthcare professionals is essential for safe and effective diabetes care.
Dr Ubaid ur Rahman, a General Physician at Holy Mission Clinic in New Delhi, highlights that effectively managing diabetes demands a lifelong dedication to healthy lifestyle choices, regular physical activity, proper medical treatment, and routine blood sugar checks. He warns that depending on unproven remedies can lead to delays in essential care and increase the risk of serious health complications.

## Can kalonji stop hair fall for good?
No, kalonji cannot permanently stop hair fall. The idea that black seeds are a miracle for hair growth has gained popularity thanks to social media influencers and beauty bloggers. Some DIY hair oils now include kalonji oil, claiming it thickens hair and stops shedding.
Kalonji oil does have fatty acids and antioxidants, which may improve scalp health. There are small lab-based studies that suggest it might reduce inflammation on the scalp, which can help with certain types of hair fall, especially if it's caused by mild inflammation or dryness.
However, hair fall can have many causes, hormonal imbalances, genetics, iron deficiency, stress, thyroid issues, or autoimmune conditions. No single ingredient, including kalonji, can address all of them. If your hair fall is caused by something deeper like hypothyroidism or PCOS, rubbing oil or drinking seed water won't solve the problem. You'll need proper diagnosis and treatment.
Dr Rashi Soni, Co-founder and Consulting Dermatologist at Rashi Hospital in Mumbai, states that addressing hair fall needs a well-rounded approach involving good nutrition, proper scalp care, and medical treatment when necessary. She notes that a diet rich in protein, vitamins, and essential minerals helps nourish hair follicles and promote stronger hair. Avoiding excessive heat styling and harsh chemical products also plays a key role in protecting scalp health. For hair loss linked to hormonal issues or genetics, scientifically proven treatments like minoxidil or prescription drugs may be needed. She emphasises the importance of consulting a dermatologist for an accurate diagnosis and a treatment plan tailored to the root cause of the problem.

## Can kalonji fix thyroid problems naturally?
No, kalonji cannot treat or cure thyroid issues. Thyroid disorders, whether it's an underactive thyroid (hypothyroidism) or overactive one (hyperthyroidism), are complex hormonal problems. They involve the thyroid gland producing too little or too much thyroid hormone, and both conditions need careful management, usually with lifelong medication.
A handful of animal studies have explored how thymoquinone from kalonji affects the thyroid in rats, and one very small human trial suggested minor improvements in thyroid function when kalonji was used alongside standard medicine. But the evidence is too weak and inconsistent to say kalonji alone can treat the condition.
If you're experiencing fatigue, weight changes, or mood swings due to thyroid issues, self-medicating with herbs could delay proper care and make things worse.
Dr Annusuiya Gohil, an MD Scholar at the All India Institute of Ayurveda, shares that while herbs like kalonji are valued in Ayurveda for their cooling and digestive benefits, they are not a substitute for standard thyroid medications. She emphasises that Ayurveda encourages a balanced and holistic approach, and in the case of serious thyroid conditions, it's essential to integrate traditional remedies with modern medical treatments under professional supervision.

## So, is there any safe way to use kalonji in daily life?
Yes, kalonji can be a part of a healthy diet, but not a cure. Kalonji is rich in antioxidants and may help support overall health in small ways. Using it as a spice in curries, chutneys, or teas is generally safe for most people. Just don't overdo it, large doses can irritate your stomach or interfere with medications. And always check with a doctor if you're on thyroid or diabetic medications, to avoid interactions.
The claim that drinking kalonji can cure diabetes, hair fall, and thyroid issues doesn't have any strong medical evidence. While black seeds may have mild health benefits and could complement a balanced diet, they are not magical remedies. Relying on them to treat serious health conditions could delay proper care and lead to complications.",False,Mostly False,
S172,MFCI-0857,Drinking raisin water daily with empty stomach for 30–45 days. It helps to remove acne/pimples providing glowing skin. It works as a blood purifier.,"The kidneys are essential for blood purification, filtering about half a cup of blood every minute to remove waste and excess water, which are excreted as urine. When kidney function fails, blood purification is carried out through specialized therapies outside the body — including dialysis, filtration, or adsorption. These methods act rapidly and are used in emergency situations (e.g., plasmapheresis to remove toxins), life-sustaining treatments (e.g., hemodialysis for kidney failure), and managing immune or metabolic conditions (e.g., immunoadsorption for autoimmune disorders). Dr Poojitha Byreddy, Senior Haematologist, CARE Hospitals, Hi-tech City, Hyderabad, said: 'Some people believe that drinking raisin water can clean or purify the blood in 30 to 45 days, but there is no medical proof for this. Our body already has a natural way of removing waste and toxins through the liver and kidneys. While raisins do have healthy nutrients like iron and antioxidants, raisin water alone cannot clean your blood. It is important to remember that no single food or drink can change how your blood works. Eating a balanced diet and staying healthy is more effective. Always talk to a doctor if you have any concerns about your blood.' Dr Imran Khan, Senior Consultant – Internal Medicine, CARE Hospitals, Musheerabad, Hyderabad, said: 'Raisin water might help with digestion and give your body some energy, but it will not purify your blood. The idea that a drink can clean your blood is a common myth and not backed by science. Your liver and kidneys already do that job naturally every day. Good health does not come from just one drink. It comes from eating a variety of healthy foods, drinking enough water, and staying active. If you are worried about your health or have specific problems, it is best to speak with a doctor rather than relying on home remedies.' A review published in the Journal of Nutrition and Health reported that consuming raisins, when compared to other carbohydrate-rich snacks with equal caloric value, can lead to reductions in LDL (bad) cholesterol and blood pressure, and is associated with a lower risk of cardiovascular disease. A study by Margaret J. Schuster et al. found that consuming raisins offers several health benefits, contributing to overall wellness and helping prevent various chronic conditions such as cardiovascular disease, type 2 diabetes mellitus, gastrointestinal disorders, and dental caries. While raisins have some health benefits, no scientific evidence or medical consensus supports the claim that raisin water can purify, detoxify, or cleanse the blood in 30-45 days.",False,False,
S177,MFCI-2619,"We have been brainwashed into using toothpaste and it should never be used as it contains various chemicals, such as fluoride and is made by secret individuals in the lab. It further states that can hamper the brain, making it function at low levels and develop conditions, such as dementia.","Brushing your teeth is essential for maintaining good oral hygiene and promoting overall health. Toothpaste is generally recommended and should be used as a part of your daily oral hygiene routine to maintain good oral health. It removes plaque which is a sticky film of bacteria that can lead to cavities and gum disease. Brushing also freshens breath by removing food particles and bacteria to avoid bad breath. Poor oral health can cause various health problems, including heart disease, stroke, and diabetes, so regular brushing is essential. However, it's important to use it in moderation, choose toothpaste with appropriate ingredients for your needs, and brush gently to avoid damaging your teeth or gums. The choice of toothpaste can depend on your individual dental needs, such as sensitivity, cavity prevention, or gum health. Remember, it is advisable not to swallow toothpaste as it contains certain chemicals, such as fluoride. If you have any doubts or concerns about which toothpaste to use or if you should use toothpaste at all, it's best to consult with your dentist or dental hygienist for personalized guidance based on your specific oral health needs. Regarding fluoridated toothpastes: Rarely. Fluoride toothpaste strengthens tooth enamel, which can prevent cavities. It also prevents gum disease by removing plaque and bacteria that can cause inflammation and infection in the gums. It can be harmful only in a certain scenario. Many dentists recommend the topical use of fluorine because of its cariostatic effect that prevents the formation of dental caries. The Indian dental Association (IDA) website states that the topical use of fluorides is 'the most effective and economical method of protecting the teeth against decay'. Dr. Paridhi Garg, Endodontist, adds, 'Fluoride makes the tooth enamel stronger by remineralizing the lost enamel and by disrupting the cavity-causing bacteria. Fluoride can be incorporated into our teeth by adding it to our diet, drinking water and toothpaste. But in excess, fluoride can be harmful for your teeth and bones so a dentist's guidance becomes imperative'. For the body, excessive long-term exposure to fluoride can have adverse effects which include, osteoporosis, tooth decay and damage to bones, kidneys, reproductive organs, nerves and muscle. However, fluoride in low concentration maintains and solidifies bones and prevents dental caries. That being the case, fluoride is widely used in toothpaste because it prevents tooth decay. Dr. Sandeep Sharma, Dental Surgeon in Delhi, said, 'Fluoride is good for teeth because it hardens the enamel to prevent demineralization and cavities. However, the fluoride should be used in moderate amounts. Chronic and regular consumption of high levels of fluoride results in white flecks and yellow or brown areas scattered over the tooth surface.' Addressing brain harm claims: There is no credible scientific evidence to suggest that using toothpaste as directed can harm your brain. Toothpaste is specifically formulated for oral use and is not designed to have any adverse effects on the brain or neurological system when used as intended. Toothpaste is primarily composed of mild abrasives, fluoride, detergents, flavorings, and other ingredients that are safe for oral hygiene. The fluoride in toothpaste, for example, is beneficial for strengthening tooth enamel and preventing tooth decay when used properly and in appropriate quantities. The ingredients in toothpaste are not known to have any harmful neurological effects. It's important to use toothpaste in the recommended manner, which includes applying a small amount (about the size of a pea) to your toothbrush, brushing your teeth gently, and spitting out the toothpaste after brushing. Swallowing small amounts of toothpaste during brushing is generally not harmful for adults, but it should be minimized, especially in the case of young children, to avoid excessive fluoride ingestion and in case of overdosage, contact the doctor immediately. In conclusion, it is better to brush your teeth twice a day with toothpaste for at least two minutes each time. Just remember to use a gentle technique, a good quality toothbrush, and follow a consistent oral care routine to keep your teeth and gums in the best possible condition. Also, it is beneficial to visit your dentist regularly for professional cleanings and check-ups.",False,False,
S131,MFCI-1861,"Applying essential ginger oil on belly button can lead to belly drainage, resulting in weight loss","Fat can be reduced by eating a balanced diet with fiber and protein. One should also avoid alcohol, processed foods, sugar, and high-fat food items. Physical activities such as exercise, strength training, and swimming will help reduce fat. Research states that a type of belly fat called visceral fat is a significant risk factor for type 2 diabetes, heart disease, and other conditions. Hence, one must lose extra fat and keep the BMI (Body Mass Index) in proportion. Physical activities such as exercise, strength training, and swimming will help reduce fat. Secondly, there might be certain underlying medical conditions due to which one is gaining weight, such as diabetes, thyroid disease, and PCOS, to name a few. In such cases, treating the underlying condition is necessary to lose weight. Dr. P. Rammanohar, Research Director, Amrita Centre for Advanced Research in Ayurveda (ĀCĀRA), further explains this precisely from Ayurvedic perspective by stating that, 'As per Ayurveda, obesity is a condition difficult to cure. In fact, the text states bluntly that it is almost an incurable disease – na hi sthulasya bheshajam. There is no magical remedy for obesity. No single medicine, internal or external, can treat the problem. Stress management, lifestyle, and diet constitute the main approach to treatment. Medicines, either external or internal, are only supportive. The more patients comply with the comprehensive protocol, the better the results. Obesity also requires an individualized treatment protocol.' Does ginger help in weight loss? Yes. Ginger is believed to aid in weight loss, when consumed. Although, it must be used in conjunction with physical activity, dietary regulations and lifestyle modifications. It decreases inflammation, stimulates digestion, and suppresses your appetite. A meta-analysis done in 2017 says that, 'Supplementation with ginger significantly decreased body weight (BW), waist-to-hip ratio (WHR), and insulin resistance.' Gingerol, a bioactive compound in ginger has anti-inflammatory and antioxidant properties which help in weight loss. A research that studied the effects of gingerol present in ginger concluded that, 'Ginger supplementation suppresses obesity induced by a high fat diet and it might be a promising adjuvant therapy for the treatment of obesity and its complications.' Please note that these studies are linked with consumption of ginger and not application of ginger on the body. What is the significance of applying oil on belly button? In Ayurveda, a method called as, 'The Pechoti method' is based on the concept that you can absorb substances like essential oils through your belly button. This includes massaging for pain relief and relaxation. It may make you feel warm from the inside and generate heat in the body but that is just because of the elements present in it. Does applying ginger oil on the belly button help in weight loss? No. There is no scientific evidence which can prove that applying ginger oil on belly button can eliminate cellulite, or subcutaneous fat, resulting in weight loss. The navel becomes closed off once the umbilical cord is detached at the time of birth. Moreover, it is based on the claim that it stimulates the pechoti gland, that sits behind the navel. But, there is no scientific evidence that this gland actually exists. It is true that applying essential oils to your skin can promote well-being, often when used in conjunction with a medical regime. Lastly, obesity is a disease, and it requires a multidimensional approach in which eliminating the underlying cause is vital.",False,False,
S047,MFCI-0377,"A YouTube short video claims that a clove of garlic a day can cure Hypertension, listing 9 diseases that can be cured by consuming a clove of garlic daily including high blood pressure, high cholesterol, heart disease, colds and flu, digestive issues, joint pain, cancer prevention, skin infections, and respiratory infections.","Dr Manav Aggarwal, Consultant Cardiologist at Sanjeevan Hospital, explained: 'Hypertension, or high blood pressure, can have various primary and secondary causes. It can be caused by factors such as genetics, unhealthy lifestyle habits like poor diet and lack of exercise, stress, smoking, alcohol consumption, certain medications, underlying health conditions (like kidney disease or sleep apnea), and age-related changes in blood vessels.'

Dr Prem Aggarwal, Cardiologist and Chairman of Sanjeevan Hospitals, said: 'The term ""cure"" implies that the condition can be completely and permanently eradicated. Hypertension is a chronic condition that typically requires ongoing management, including lifestyle changes, medication, and monitoring. There are many medical studies that show the benefits of garlic on hypertension. But Garlic alone, especially just one clove per day, does not meet the medical definition of a cure for high blood pressure. This claim is false and misleading.'

The article further explains: Garlic has been used for centuries for its medicinal properties. It contains allicin, a compound thought to have vasodilative properties—meaning it can help expand blood vessels, thereby reducing blood pressure. Medical evidence shows that garlic consumption might have some BP-lowering properties. A 2020 systematic review by Kerien Reid of 12 trials and 553 hypertensive participants showed that garlic supplements lower systolic blood pressure (SBP) by an average of 8.3±1.9 mmHg and diastolic blood pressure (DBP) by 5.5±1.9 mmHg, similarly to standard anti-hypertensive medications (PMC6966103). Another study by Rohner et al. in the form of a systematic review and meta-analysis suggested that garlic preparations may lower BP in hypertensive individuals, but the authors noted this evidence is not strong and a well-conducted powered trial of longer duration is needed. It is important to note that in many of the studies showing positive effects of garlic on high BP, these effects are observed with garlic supplements containing concentrated doses of active ingredients, not necessarily with a single clove of garlic. Hypertension or high blood pressure cannot be cured—it can only be managed. Garlic can potentially help manage the condition as part of a broader health strategy, but it cannot cure it alone. Hypertension can cause serious damage to the heart. Excessive blood pressure causes hardening of the arteries, decreasing blood flow and oxygen supply to the heart. It also affects the kidney, eventually resulting in kidney failure. The effect on both the heart and kidneys is life-threatening.",False,False,
S154,MFCI-1432,"An social media post/reel shows that through the application of a transdermal patch, a person lost a lot of weight. A WhatsApp number is also provided in the post to place an order.","What are transdermal patches? Transdermal patches are adhesive patches that are applied to an area of the skin. They are intended to work transdermally, i.e., the active ingredients transfer directly into the skin and bypass the digestive system. The transdermal patches used for weight loss contain a variety of ingredients, most of them being herbal, that enter the body through the skin. Some of the ingredients used in a weight loss patch are green coffee bean extract, Japanese mint or Hokuto mint, Açai berry, Garcinia cambogia, etc. The skin patches claim to act via two methods, namely, by boosting metabolism and reducing appetite. How can a person lose weight? To lose weight, a person must follow a multidisciplinary approach which includes dietary modifications, lifestyle alterations and treating any underlying medical condition, if present. Any external agent's role in losing weight lacks credible evidence. There might be certain underlying medical conditions due to which one is gaining weight, such as diabetes, thyroid disease, and PCOS, to name a few. In such cases, treating the underlying condition is necessary to lose weight. Dr. P. Rammanohar, Research Director, Amrita Centre for Advanced Research in Ayurveda (ĀCĀRA), further explains this precisely from an Ayurvedic perspective by stating that, ""As per Ayurveda, obesity is a condition difficult to cure. In fact, the Ayurveda text states bluntly that it is almost an incurable disease – na hi sthulasya bheshajam. There is no magical remedy for obesity. No single medicine, internal or external, can treat the problem. Stress management, lifestyle, and diet constitute the main approach to treatment. Medicines, either external or internal, are only supportive. The more patients comply with the comprehensive protocol, the better the results. Obesity also requires an individualized treatment protocol."" Are transdermal patches effective in losing weight? No. On doing a search for the scientific basis of the effectiveness of a transdermal patch, we could not find any credible evidence proving it. A single ingredient, which is transferred to the body in sporadic amounts can not have an impactful effect on body's fat and metabolism. It must be noted that there isn't substantial research which showcase that the ingredients that are present in these patches are beneficial or are effectively delivered through the bloodstream. Such patches aren't regulated by the FDA, therefore, the possible side effects and the risks associated with it are unknown. It is not clear about the quantity of certain ingredients that are in the patch and what are the risks associated with it. The Federal Trade Commission states, ""Weight loss is an internal metabolic process. Nothing you wear or apply to the skin can cause substantial weight loss. So weight loss claims for patches, creams, lotions, wraps, body belts, earrings, and the like are false."" In addition to these methods, we also came across a claim suggesting that inserting a capsule into the vagina can lead to weight loss. Another social media post promotes weight loss by soaking foot in water mixed foot effervescent tablets. However, these methods cannot guarantee weight loss.",False,False,
S121,MFCI-1479,"I Reversed My Vein Pain With This 1 Vitamin! Swollen legs? Bulging veins? This secret nutrient did wonders! The method includes taking Vitamin E capsules orally, applying Vitamin E oil topically on veins, and drinking turmeric with warm water to reverse vein pain, reduce bulging veins, and break clots naturally.","Dr Aseem Sharma, Director and Chief Dermatologist at Skin Saga Centre for Dermatology, Mumbai, shares that while massaging oil on the legs might offer temporary comfort, like easing a sense of heaviness or itchiness, it doesn't actually address the root cause of varicose veins. These veins usually develop due to damaged valves and weakened blood vessels. Real improvement often requires medical procedures such as sclerotherapy (where a sealing solution is injected), laser treatments, or minor surgeries. For proper care, it's best to see a vascular specialist. Dr Almas Fatma, a General Physician from Navi Mumbai with training in Family Medicine and Digital Health, explains that although varicose veins may appear like a skin issue, they're actually signs of deeper vein problems. Fortunately, treatment options have improved significantly. In the early stages, doctors usually recommend simple changes like daily walking, elevating the legs, and wearing compression stockings to improve blood circulation. But if the veins become painful, enlarged, or start affecting the skin, more targeted treatments are needed. These may include laser therapy, vein-closing injections, or small surgical procedures, all with minimal recovery time. Regarding oral Vitamin E: Vitamin E is a powerful antioxidant that protects cells from oxidative damage. However, there is no credible scientific evidence showing that oral Vitamin E supplements can treat or reverse varicose veins or improve venous circulation directly. Varicose veins occur due to weakened or damaged vein valves, leading to poor blood flow and vein bulging. This is a mechanical and circulatory issue, not caused by vitamin deficiency. While antioxidants like Vitamin E may slightly support overall blood vessel health, they cannot undo the physical changes in the veins. In fact, taking high doses (like 400 IU daily) long-term may increase the risk of bleeding, especially in people with heart conditions or those on blood thinners. Regarding topical Vitamin E: Applying Vitamin E oil directly on the skin may feel soothing for some, but it does not penetrate deeply enough to influence vein structure, blood flow, or clot formation. Some small studies have looked at Vitamin E's role in wound healing or skin health, but there's no solid evidence that topical use can reduce swelling, fix valves, or improve vascular health. Any relief may come from the massage itself and elevation of legs, which helps venous return, not the oil. Moreover, Vitamin E oil can cause skin reactions in some individuals, especially if applied daily. Regarding clots: Vitamin E has mild anticoagulant (blood-thinning) properties, but it does not ""break clots."" True clot-busting medications are prescribed only under medical supervision and are used in emergency settings, such as stroke or deep vein thrombosis. Encouraging people to rely on supplements for clot-related issues is risky. In fact, using Vitamin E along with turmeric (another natural blood thinner) could increase bleeding risk, especially in those on medications like aspirin or warfarin. Regarding turmeric: Turmeric contains curcumin, a compound known for its anti-inflammatory properties. While it may help reduce general inflammation in the body, there's no clinical evidence showing that drinking turmeric water treats varicose veins or venous pain. Like Vitamin E, turmeric may also thin the blood slightly. While some people use it for general wellness, it cannot reverse vein bulging or heal valves, which are physical problems that often require medical treatment. Regarding leg elevation: Raising your legs above heart level helps drain pooled blood, offering temporary relief from swelling and pain. This is a well-known recommendation in managing varicose veins. However, elevation only manages symptoms, it doesn't fix the vein damage. This trending advice oversimplifies a complex medical condition. Vitamin E and turmeric may offer general wellness benefits, but they cannot reverse vein damage or break clots. Topical use of Vitamin E oil has no proven effect on varicose veins, and relying on such tips could delay necessary treatment.",False,False,
S039,MFCI-2052,"An Instagram post claims that boiling lemon peels into a tea can 'flush out' heavy metals, cleanse the blood, and detox organs naturally.","Heavy metals do not behave like everyday waste products that can be washed out with fluids or herbal drinks. Once these metals enter the body, they bind strongly to proteins, bones, and organs such as the liver, kidneys, and brain. Drinking lemon peel tea does not break these bonds or remove stored metals. Some laboratory studies show that citrus peels contain fibre (like pectin) and plant compounds that can bind metals outside the body, under controlled conditions. However, the human digestive system is far more complex. During digestion, these compounds are broken down, absorbed, or excreted long before they could meaningfully attach to heavy metals in tissues. At present, there are no human clinical trials proving that lemon peel tea reduces heavy metal levels in blood or organs. Dr Divya Chauhan, Senior Ayurveda Researcher at Pratha Ayurveda, said 'In Ayurveda, lemon peel may support digestion and metabolism, but it is not described as a treatment for metal toxicity. Such conditions require proper assessment and intervention.' Dr Shalin Nagori, Consultant Pathologist and Industrial Physician, said 'Heavy metal detoxification requires specific chelating agents. There is no clinical evidence that foods or teas can remove metals already stored in human tissues.' Antioxidants and detoxification are often confused, but they are not the same thing. Lemon peel contains vitamin C and flavonoids, which help reduce oxidative stress, damage caused by unstable molecules in the body. This may support overall health, but it does not equate to removing heavy metals. Dr Swati Dave, PhD in Food and Nutrition, says, 'Antioxidants support the body's defences, but they don't 'grab' heavy metals and carry them out. That's a misunderstanding of nutrition science.' Heavy metals cause harm through chemical toxicity and accumulation, not simply through oxidative stress. Antioxidants cannot neutralise or extract metals like lead or mercury once they are stored in the body. They may help reduce some secondary damage, but they do not solve the underlying problem. The human body relies on the liver, kidneys, and digestive system to process and eliminate waste. However, these systems are only partially effective against heavy metals. Some metals are excreted slowly, while others accumulate over time, especially with repeated exposure. When heavy metal levels become clinically significant, doctors use chelation therapy, which involves specialised medications that bind metals and help the body excrete them safely. This process is closely monitored because chelation itself carries risks. No food or drink, including lemon peel tea, works in the same way as these medical treatments. Lemon peel tea may support liver health indirectly by contributing antioxidants and encouraging fluid intake. Proper hydration and a diet rich in plant foods help the liver perform its everyday detox functions more efficiently. However, supporting normal liver function is not the same as treating heavy metal toxicity. A healthy liver cannot magically remove metals that are chemically bound within tissues. Claims suggesting otherwise oversimplify how the body works.",False,Mostly False,
S140,MFCI-2745,"Rubbing a cow's back can reduce high blood pressure medication dosage from 20 mg to 10 mg within 10 days, and lying down where a cow sits and cleaning the cowshed area can cure cancer.","Dr. Prem Aggarwal MBBS, MD (Medicine), DNB Cardiology, Director, Sanjeevan Hospital, Daryaganj, Delhi said: 'Rubbing a cow's back cannot reduce the dosage of high blood pressure from 20 mg to 10 mg; this claim is not just false and frankly, quite absurd. Hypertension is a serious medical condition that requires proper medical management. It involves lifestyle changes, regular monitoring, and prescribed medications to control blood pressure levels. Ignoring medical advice and resorting to unproven remedies can lead to serious health risks, including heart attack and stroke. Promoting such baseless claims can be harmful and should not be supported. Always seek evidence-based treatment and consult your doctor for proper medical guidance.'

Prof. Dr. Somashekhar S P, Lead Consultant - Surgical & Gynaecological Oncology & Robotic Surgeon, Aster CMI Hospital, Bangalore said: 'This statement, however, has no basis in scientific fact and has been widely condemned by medical professionals. Cancer is a complex disease that arises from the uncontrolled growth of abnormal cells, and its treatment requires a combination of well-established medical therapies, such as surgery, chemotherapy, and radiation. There is no scientific evidence to support the idea that cleaning a cowshed or spending time in such an environment could cure cancer. In fact, such baseless claims can put patients at risk by encouraging them to forgo proven treatments in favor of unfounded, potentially harmful alternatives. Suggesting that something as unrelated as cleaning a cowshed could cure cancer is not just misleading—it's dangerous. The problem is that such claims concern a broader challenge involving the spread of health misinformation, particularly in rural communities where quality healthcare and trustworthy information can be scarce. The minister's suggestion also highlights the growing trend of politicians and public figures offering unverified health advice, often under the guise of traditional wisdom. While traditional practices can offer cultural value and sometimes even complementary health benefits, they should never be presented as substitutes for scientifically validated medical treatments, especially when it comes to diseases as serious as cancer. The consequences of such remarks are potentially far-reaching. Patients who believe in these myths might delay or even abandon life-saving treatments, choosing instead to rely on practices that are at best ineffective and at worst harmful. Public figures must exercise responsibility when discussing health issues, particularly when the well-being of vulnerable individuals is at stake.'

The article further states: High blood pressure (hypertension) according to WHO is when blood pressure is 140/90 mmHg or higher. It can be controlled with lifestyle modifications, diet, and medications, but there is no cure. The American Heart Association notes: 'While there is no cure for high blood pressure, it is important for patients to take steps that matter, such as making effective lifestyle changes and taking BP-lowering medications as prescribed by their physicians.' Regarding cancer, WHO defines it as a large group of diseases where abnormal cells grow uncontrollably and can metastasize. Cancer is the second leading cause of death globally, accounting for an estimated 9.6 million deaths (1 in 6 deaths) in 2018. The American Cancer Society states: 'Whether a person's cancer can be cured depends on the type and stage of the cancer, the type of treatment they can get, and other factors. Some cancers are more likely to be cured than others. But each cancer needs to be treated differently. There isn't one cure for cancer.' Cancer treatment encompasses chemotherapy, hormone therapy, hyperthermia, immunotherapy, photodynamic therapy, radiation therapy, stem cell transplants, surgery, and targeted therapy — all evidence-based medical approaches. There is no scientific evidence or medical consensus that rubbing a cow's back reduces high blood pressure medication or that lying in a cow's resting spot cures cancer.",False,False,
S102,MFCI-2304,"The antidote that we've seen now, and we have tons and tons of research, is urine therapy","The FDA has approved the antiviral drug Veklury (remdesivir) for adults and certain pediatric patients with COVID-19 who are sick enough to need hospitalization. The FDA has issued Emergency Use Authorization (EUA) for several monoclonal antibody treatments for COVID-19 for the treatment, and in some cases prevention (prophylaxis), of COVID-19 in adults and pediatric patients. Therapeutic products authorized under an EUA are listed on the FDA's EUA page. These products are not a substitute for vaccination against COVID-19. The FDA's list lacks urine therapy as an option. No. There's no scientific evidence to support claims that drinking urine is beneficial. On the contrary, research suggests that drinking urine can introduce bacteria, toxins, and other harmful substances into your bloodstream. Some social media users also claim that if you are already vaccinated, you can detoxify your body using certain recipes. Dr. Anthony Pizon, Chief of Medical Toxicology at the University of Pittsburgh Medical Center, say that there are antimicrobial products in urine and historical evidence shows that some cultures consumed urine for medical purposes. However, no evidence exists for urine serving as a treatment for COVID-19 or any other illness. No evidence exists which proves that urine can serve as treatment for Covid. Rather, humans excrete waste and toxins through urine, drinking it can expose one to the chemicals and drugs consumed previously. Due to the lack of evidence which proves urine therapy to be an antidote to Covid, the claim is false.",False,False,
S057,MFCI-2604,"Women should avoid taking baths during the first three days of their periods because it lowers body temperature, disrupts natural blood flow, and causes tiredness.","Bathing during periods does not cause harmful body temperature changes. Taking a bath, whether warm or cool, can cause a small and temporary rise in skin and core temperature, especially after a hot bath (but this is with long baths and not usual short showers). However, the body's natural temperature regulation keeps this change under control and prevents any danger. Menstruating women do not become dangerously cold or disturb their cycle simply by bathing. In fact, warm baths are often recommended to ease menstrual cramps and relax muscles. Dr P. Ram Manohar, Research Director at Amrita School of Ayurveda, says, 'There are no specific references in Ayurvedic texts advising against bathing or washing hair during menstruation. The idea that bathing can cause harmful body temperature changes likely stems from cultural practices, not from medical or Ayurvedic principles. Historically, challenges like limited access to clean water and sanitary products may have influenced these customs. However, there is no evidence in Ayurveda to suggest that bathing during menstruation has any harmful impact on body temperature. In fact, a warm bath can help relax the body and alleviate menstrual discomfort.' Dr Akanksha Tripathi, Senior Gynaecologist and Laparoscopic Surgeon at Paras Hospital, Udaipur, explains, 'There is no medical reason to avoid bathing during your period. In fact, maintaining your usual hygiene routine, including bathing, is important for overall health. While external temperatures may cause slight shifts in body temperature, they do not have a significant impact on menstruation or cause harmful changes to body temperature. Many women find that a warm shower can help them feel refreshed and even ease some of the discomforts associated with menstruation. The belief that bathing or washing hair during periods can cause harm is mostly due to cultural myths, not medical or scientific evidence.' Regarding blood flow: bathing does not negatively affect menstrual blood flow. Menstrual flow is controlled by the shedding of the uterine lining and hormonal activity, not by external temperature changes. While external temperatures may cause slight changes in body temperature, they don't significantly affect menstrual flow or cycle length. In fact, warm water can help relax the uterus and may even promote smoother blood flow, making periods more comfortable. There is no medical basis for the idea that bathing blocks or disrupts menstruation. Avoiding bathing during menstruation can lead to poor hygiene and increase the risk of reproductive tract infections. Dr Sumedha Gupta, Ayurveda Practitioner from New Delhi, explains, 'In Ayurveda, there is no restriction against bathing during menstruation, and traditional Ayurvedic texts do not support this idea. These beliefs likely stem from cultural customs rather than Ayurvedic principles. Bathing, especially in warm water, is actually beneficial for overall well-being during your period. It helps soothe the body and alleviate discomfort. Ayurveda encourages balance and self-care, and there is no evidence to suggest that bathing during menstruation causes harmful changes to body temperature. Women should feel empowered to prioritise their hygiene and comfort without being constrained by outdated practices.' Regarding tiredness: Taking a hot bath can cause mild relaxation, which may leave someone feeling a bit drowsy or calm afterward. This effect is similar to the relaxation experienced after a spa or sauna session and is very different from feeling tired due to 'changing the body's temperature.' Some people may confuse this relaxation with tiredness. It is not harmful and does not negatively impact menstruation. About waiting till fourth day: There is no scientific reason to delay bathing until the fourth day. Maintaining good hygiene throughout menstruation is crucial. UNESCO stresses the importance of washing the body and hair during periods for overall health. Cold water has no negative effect on your health or menstrual cycle, and bathing can help you feel refreshed and clean. Regular bathing not only keeps the body clean but also reduces the risk of infections and increases comfort. Skipping baths for several days can lead to discomfort, body odour, and may increase the risk of skin irritations. No scientific or medical guidelines recommend avoiding baths during menstruation. Dr Muskan Thakur, Ayurveda Consultant from Indore, said, 'During menstruation, cleanliness is essential, and proper care of the body, including bathing, plays an important role. I generally recommend to avoid exposure to cold water or practices that may stress the body. Bathing in lukewarm or mildly warm water is ideal. While excessive bathing or prolonged exposure to water, especially in the first few days when menstrual flow is heavier, should be avoided to maintain warmth and prevent a Vata imbalance, there is no advice in Ayurvedic texts suggesting waiting until the fourth day to bathe. Ayurveda encourages gentle self-care, and bathing with warm water is usually acceptable during menstruation. However, cold water and excessive exposure should be avoided. Ayurveda also values individual constitution and daily routines, so it's important to listen to your body. If discomfort or coldness is felt, it's better to choose warm, soothing baths instead of cold ones.'",False,False,
S097,MFCI-0159,Zee News published a news story in Hindi claiming that India-based Bharat Biotech has already launched a CoronaVirus vaccine named 'Coro-Vac',"The World Health Organization (WHO) website mentions as on 5th of April, 2020 that there is no vaccine for the Covid-19 pandemic at the moment. In an exclusive report on Business Today, a leading business news magazine in India, on 3rd April, 2020 (just one day before the Zee News story), the Chairman of the company has said that a vaccine can be possible in eight months IF the Govt treats the situation as a national emergency. Business Today reports: 'If the government acts fast on it and treats it as a national emergency, it should be possible to get the vaccine out in about eight months.' Bharat Biotech and the US-based FluGen along with virologists at the University of Wisconsin-Madison have begun the development and testing of a unique vaccine against covid-19 called CoroFlu. Speaking to Business Today, Chairman and Managing Director of Bharat Biotech Krishna M Ella said a lot depends on the approval process. In a similar report on The Hindu, another leading daily newspaper in India, on 3rd April, 2020: 'Refinement of the CoroFlu vaccine concept and testing in laboratory animal models at UW–Madison is expected to take three to six months. Bharat Biotech will then begin production scale-up for safety and efficacy testing in humans. CoroFlu could be in human clinical trials by the fall of 2020.' The story of The Hindu has been promoted by Bharat Biotech on their official Linkedin page. It must be noted that as per the Business Today report the name of the vaccine that Bharat Biotech is trying to develop in association with FluGen is CoroFlu (and not Coro-Vac as reported by Zee News). Raches Ella, Head Business Development & Advocacy, Bharat Biotech, replied to queries and clarified: 'Our vaccine is named Coroflu. We are at the animal testing phase of the research. We expect to enter human trial of the vaccine in another 6 months. If all goes well, we can expect the vaccine to be launched in Q3 of 2021.' Also, Coro-Vac is a registered trademark of CORKEN, INC. for pumps used for air evacuation of storage cylinders. Raches confirmed, 'Bharat Biotech is NOT working on any vaccine named Coro-Vac'.",Mostly False,False,
S003,MFCI-2660,So nothing happened to those who didn't take the Covid vaccine?,"To answer the claim that the COVID vaccine was useless, we must first understand how vaccines work. COVID-19 vaccines work by stimulating an immune response to the SARS-CoV-2 virus, which causes COVID-19. They either use a weakened or inactivated virus, viral proteins, or genetic material that instructs cells to produce viral proteins. This triggers the immune system to produce antibodies and activate T-cells. And thus, preparing the body to fight the virus if exposed in the future. Scientific evidence overwhelmingly supports their efficacy in preventing severe illness, hospitalization, and death caused by COVID-19. Multiple studies and real-world data from around the globe consistently show that vaccinated individuals are significantly less likely to contract severe COVID-19 compared to those who are unvaccinated. Vaccination was the most important tool in reducing the burden on healthcare systems and preventing countless deaths worldwide. One of the fake posts also said that 7 out of 10 Americans refused the Covid-19 Vaccination. Another false social media post claims that people are collapsing and claiming the cause to be COVID-19 vaccines. Individuals who got the COVID vaccines consistently exhibit lower mortality rates, highlighting the protective benefits of vaccination. COVID-19 vaccines have played a pivotal role in controlling the pandemic by: Real-world data from countries with high vaccination rates have shown significant declines in COVID-19 cases, hospitalizations, and deaths, underscoring the life-saving impact of vaccination campaigns. Vaccination has made a huge difference in fighting COVID-19 worldwide. Here’s a simple explanation of its global impact during the first year: Therefore, we can strongly say that COVID-19 vaccines have drastically changed the course of the pandemic. They have saved millions of lives. However, ensuring equitable access to vaccines remains important for protecting everyone globally. Vaccination is the basis of public health worldwide. It offers numerous benefits that extend far beyond individual protection: Hence, vaccination saves lives, prevents disease outbreaks, and strengthens global health security. Investing in vaccination programs and ensuring equitable access are vital for a healthier, safer world. So, claims suggesting that the COVID-19 vaccine was useless are false. On the contrary, COVID-19 vaccines have proven highly effective in saving lives, reducing severe illness, and controlling the spread of the virus. Vaccination remains a foundation of global efforts to combat the pandemic and protect public health. As new variants emerge and the pandemic continues to evolve, vaccination remains our best defence against COVID-19. This highlights the importance of widespread vaccination efforts globally. Therefore, the claim that COVID vaccines or vaccines in general are useless is categorically false based on current scientific understanding and real-world data. It is extremely important to stay aware and not believe the baseless claims regarding COVID vaccines like COVID vaccines containing nanobots. Vaccines protect us from diseases and not the other way round.",False,False,
S143,MFCI-1755,"A Facebook post claims that onion and beetroot can cure piles in 7 days, even in people who have had the condition for many years.","Do onion and beetroot actually cure piles within a week? No. Piles are swollen and inflamed blood vessels in or around the anus. They develop due to pressure most commonly from chronic constipation, straining during bowel movements, pregnancy, obesity, or sitting on the toilet for long periods. Because piles are a structural problem involving veins, they do not simply disappear because of one or two foods. In mild cases, symptoms like itching, discomfort, or slight bleeding may reduce within a few days if straining stops and stools become softer. However, this improvement is often mistaken for a ""cure."" Medically speaking, symptom relief is not the same as healing the underlying swollen veins. A guaranteed seven-day cure, especially from kitchen ingredients alone, is unrealistic.

Can onion and beetroot reduce piles by improving digestion? Partially, yes, but indirectly. Onion and beetroot contain dietary fibre, which helps add bulk to stools and supports smoother bowel movements. Softer stools mean less straining, and less straining reduces irritation of haemorrhoids. However, the fibre content of these vegetables alone is not high enough to treat constipation if the rest of the diet is poor. A single beetroot or a small serving of onion cannot compensate for an overall low-fibre diet, inadequate water intake, or poor toilet habits. Their benefit comes only when they are part of a broader pattern of eating fruits, vegetables, whole grains, and pulses regularly. So while onion and beetroot may support bowel health, they do not directly treat piles.

Do onion or beetroot have properties that shrink haemorrhoids? No. You may hear claims that onion is ""anti-inflammatory"" or beetroot ""improves blood flow,"" and while these ideas come from nutrition research, they are often taken out of context. Onions contain plant compounds such as quercetin, and beetroot contains betalains and nitrates. These compounds have been studied for general anti-inflammatory or cardiovascular effects, not for curing haemorrhoids. There are no clinical trials showing that eating onion or beetroot reduces the size of piles, stops bleeding, or repairs damaged rectal veins. In medicine, when natural substances help haemorrhoids, they are usually studied in specific doses and forms (for example, certain flavonoid supplements), not as everyday vegetables promoted as miracle cures.

Why does the ""7-day cure"" idea sound believable to many people? Because symptoms can fluctuate. Piles often behave unpredictably. A painful flare-up may calm down within days if constipation eases or if irritation reduces. When this happens after someone starts a home remedy, the improvement is wrongly credited to that remedy. This creates a powerful illusion: ""I ate onion and beetroot and felt better in a week."" In reality, the improvement likely came from reduced straining, better hydration, or simply the natural settling of inflammation, not from the foods themselves. Social media and home-remedy posts often rely on personal stories rather than medical evidence, making the claim sound convincing but unreliable.

Dr Almas Fatma, a General Physician based in Navi Mumbai with in Family Medicine, and a PG degree in Digital Health, shares her expert perspective on this claim. She explains that natural approaches such as dietary modifications may help ease symptoms in mild cases of piles, but they are not sufficient for treating severe conditions like grade 4 piles, which are often painful and debilitating. She notes that while natural remedies can help soothe inflammation and support bowel regularity, grade 4 piles involve prolapsed haemorrhoids that cannot be pushed back manually, making medical or surgical intervention necessary. In such cases, treatments like rubber band ligation, sclerotherapy, or haemorrhoidectomy are far more effective, as they address the underlying cause and reduce the risk of complications. Dr Fatma further emphasises that although natural remedies may provide temporary symptom relief, they cannot replace proven medical treatments. In summary, she highlights that natural remedies can play a supportive role alongside medical care, but they should not be relied upon as a standalone solution, particularly in advanced cases such as grade 4 piles.

What actually helps piles improve within days to weeks? Evidence-based self-care does. Most mild to moderate piles improve when pressure on the veins is reduced and the area is allowed to heal.

Can diet alone permanently cure piles? No. Diet is important, but it is only one part of management. Even people who eat well can develop piles if they strain, lift heavy weights incorrectly, sit for long hours, or have repeated bouts of constipation or diarrhoea. Long-term control depends on consistent habits, regular bowel movements, balanced meals, physical activity, and proper toilet posture. In some cases, medical procedures are needed when piles do not respond to lifestyle changes.

Can home remedies replace medical treatment? Home remedies may help relieve mild discomfort, but they cannot cure piles or replace proper medical care. Beetroot and onion may offer temporary digestive relief, but they do not treat the underlying problem. In mild cases, piles may improve with dietary changes, increased fibre intake, and healthier toilet habits. However, if symptoms are persistent, painful, or worsening, relying only on home remedies can delay treatment and make the condition more serious.

Dr Ubaid ur Rahman, General Physician at Holy Mission Clinic, New Delhi, explains that while home remedies may provide short-term comfort, they are not a substitute for medical treatment. He stresses that piles which bleed, cause pain, or keep recurring need proper evaluation and diagnosis. Depending solely on herbal drinks or kitchen spices may allow the condition to progress. Doctors encourage healthy lifestyle practices, but also emphasise recognising when professional medical help is necessary.",False,False,
S054,MFCI-2708,An individual may only need to visit a therapist once in order to receive gender-affirming care.,"Gender affirmation care is a crucial aspect of healthcare that aims to support transgender individuals in aligning with their gender identity. It addresses the health disparities faced by LGBTQIA+ individuals through a comprehensive approach that includes medical, psychological, and social interventions. These interventions may involve hormone therapy and mental health support. It is important to note that gender-affirming care goes beyond medical treatments and encompasses respecting an individual's chosen name and pronouns, creating a safe and inclusive healthcare environment, and providing support for fertility preservation when necessary. Gender affirmation care is essential for creating a more equitable healthcare system by promoting inclusivity, reducing disparities, and improving the well-being of transgender individuals. 

Therapists play a critical role in gender affirmation care. They provide mental health support and facilitate the gender affirmation process, helping establish a safe, comfortable, and tailored therapeutic environment that builds trust and understanding between the therapist and the patient. Therapists also address ethical considerations when it comes to gender-affirming care, which is particularly important when working with transgender and gender-nonconforming (TGNC) youth. This ensures that care is provided in an affirmative and non-discriminatory manner.

Gender-affirming therapy does NOT necessitate just one session. Gender affirmation care is a multifaceted and continuous process that goes beyond a single therapy session. It covers a range of healthcare measures aimed at assisting transgender individuals in living and being recognised in accordance with their gender identity and expression. By offering mental health assistance, addressing emotional wellbeing, and helping people through their gender journey, therapists play a critical part in gender affirmation care. The phase of gender affirmation frequently goes through various stages and might involve hormone therapy, gender-affirming surgery, and social transformation. These actions usually take place over time and necessitate ongoing monitoring and support from healthcare professionals, including therapists. Transgender and gender-nonconforming individuals require ongoing, patient-centred management due to the unique challenges they face.

Dr. Sameer Kalani, Senior Consultant Psychiatrist, HOD Mental Health and Behavioural Sciences, Fortis Memorial and Research Institute, Gurugram, stated: Supporting people who are looking for gender affirmation is a rigorous and continuing process that involves many different forms of healthcare. It is imperative to have a comprehensive and ongoing strategy in order to adequately accompany people on their gender affirmation journey. Hence, it could take more than one appointment to improve their general well-being and affirm their gender identification.

Dr. Manisha Gaur, psychologist, stated: Gender affirmation care involves multiple healthcare elements that call for an ongoing and comprehensive approach. Therapists are essential in supporting individuals throughout their gender affirmation journeys, as it is not a one-time event. The ultimate goal is to improve individuals' overall well-being and validate their gender identity, which requires an ongoing and evolving process.

Regarding safety: Access to gender-affirming care (also known as transition-related care) is an essential aspect of healthcare for individuals who identify as transgender, regardless of their age or gender. A comprehensive range of services including mental health care, medical care, and social affirmation are included. Eligibility and timing for gender-affirming care are determined by evidence-based guidelines. Gender-affirming care is provided using appropriate, scientifically proven approaches, with healthcare providers closely collaborating with patients, parents, and other healthcare experts to analyse individual requirements and ensure safety and efficacy. Dr. Manisha Gaur emphasised that evidence-based access to gender-affirming care includes mental health, medical, and social services adhering to evidence-based standards, using scientifically supported methods appropriate for the patient, and that health professionals should collaborate with patients and their parents to guarantee care is secure and efficient.",False,False,
S049,MFCI-0287,"Ginger, honey, garlic, turmeric, cayenne, onion, lime, black pepper, apple cider vinegar, and pineapple are Nature's amoxicillin.","Dr. Juhi Singla, MD (Pharmacologist), SGT UNIVERSITY Gurgaon and MBBS, Era's Lucknow Medical College said: ""Amoxicillin is a penicillin-based antibiotic commonly prescribed to treat various bacterial infections, including respiratory infections, ear infections, sinusitis, skin infections, and certain urinary tract infections. It works by interfering with the bacteria's cell wall formation, leading to the destruction of the bacteria. While ingredients like ginger, honey, garlic, turmeric, cayenne, onion, lime, black pepper, apple cider vinegar, and pineapple have potential health benefits—such as boosting immunity and reducing inflammation—they cannot be natural amoxicillin. These natural remedies may support overall health but lack the antibiotic properties needed to combat specific bacterial infections. Relying solely on such natural remedies for treating bacterial infections can cause worsening of symptoms and delay necessary medical treatment, potentially leading to complications. Always seek proper treatment from doctors for accurate diagnosis and treatment."" Dr. Sachin Choudhary, MBBS, MS (General Surgery), Army College of Medical Sciences further added: ""Ginger, honey, garlic, turmeric, and black pepper exhibit some antibacterial properties, other ingredients like cayenne, onion, lime, apple cider vinegar, and pineapple do not. However, tagging these natural ingredients as nature's amoxicillins is incorrect. While ingredients like ginger, honey, garlic, turmeric, and black pepper have some antibacterial properties, equating their effects to antibiotics like amoxicillin is not appropriate and should not be promoted. Amoxicillin is an effective, clinically tested antibiotic specifically designed to target and kill bacteria, ensuring complete eradication. Relying solely on natural remedies instead of prescribed antibiotics can lead to worsening infections and complications. Always consult a doctor for appropriate diagnosis and treatment of the disease."" The article also provides detailed evidence: A study in Food and Chemical Toxicology found ginger exhibits immunomodulatory, antioxidant, antibacterial, anti-inflammatory, anti-apoptotic, anti-hyperglycemic, anti-lipidemic, and anti-emetic properties. A study by Manisha Deb Mandal et al. found honey's antibacterial effects, ability to maintain a moist wound environment, and high viscosity create a protective barrier against infection; the antimicrobial activity is primarily due to enzymatic production of hydrogen peroxide. Serge Ankri et al. revealed that allicin in garlic possesses extensive antimicrobial and antibacterial properties effective against both Gram-positive and Gram-negative bacteria, fungi, and intestinal protozoa, with antiviral capabilities. A study by Bharat B. Aggarwal et al. observed that curcumin in turmeric possesses antioxidant, anti-inflammatory, antiviral, antibacterial, and antifungal properties. A systematic review by Heerasing Takooree et al. found black pepper (Piper nigrum) demonstrates antibacterial, antimicrobial, antioxidant, antidiabetic, and hypolipidemic effects. Bobak J. Akhavan et al. noted amoxicillin is an FDA-approved beta-lactam aminopenicillin antibiotic indicated for ear, nose, and throat infections, Helicobacter pylori eradication, lower respiratory and urinary tract infections, acute bacterial sinusitis, and skin and soft tissue infections. Critically, while ginger, honey, garlic, turmeric, and black pepper have recognized antibacterial properties, cayenne, lime, onion, apple cider vinegar, and pineapple lack scientific evidence of antibacterial effects equivalent to amoxicillin. There is no scientific evidence or medical consensus that these natural ingredients have the same effect, potency, or purpose as antibiotic amoxicillin.",Mostly False,Mostly False,
S078,MFCI-1407,"In a video posted on Facebook, a man says, ""I got a call from an animal veterinarian in western Oklahoma, who is a college friend and a family friend. He told me this crazy story about a scientist who has been doing cancer research on mice. She had hundreds of mice, and some had cancer all over the body. Her mice population was down within intestinal parasites and she had no choice but to save her research. She gave all of her mice fenbendazole. If you go to any zoo in the world, they bring in fenbendazole by a truckload front-end loader, head-high piles in bays because they give them to every single animal. And she did, and unfortunately or fortunately for all of us, she she accidentally killed all the cancer.""","Fenbendazole is a broad-spectrum anthelmintic medication, which means it is effective against a wide range of parasitic worms. It is commonly used to treat and prevent intestinal parasites in animals, including dogs, cats, horses, and livestock. Fenbendazole works by disrupting the energy metabolism of parasites, specifically by inhibiting the formation of microtubules, which are essential for cell division and nutrient uptake. As a result, the parasites are unable to survive and eventually die. Can Fenbendazole cure cancer? No. Fenbendazole is a broad-spectrum antiparasitic medication primarily used to treat parasitic worm infections in animals. While some preliminary research has shown potential anti-cancer properties of fenbendazole in laboratory settings, there is currently no conclusive evidence from rigorous clinical trials to support the claim that fenbendazole can cure cancer in humans. The existing evidence is limited to in vitro (test tube) and animal studies, which have shown that fenbendazole can inhibit the growth of certain types of cancer cells. However, these findings have not been translated into effective treatments for cancer in humans. Furthermore, another research has concluded that it has no value in cancer therapy. Dr P. Rammanohar, Research Director, Amrita School of Ayurveda, highlights this by stating, ""Cancer is not a single disease, and there is no remedy for cancer. Different types of cancer are treated with different procedures of chemotherapy. One drug does not work across all cancers."" Moreover, the U.S. Food and Drug Administration (FDA) has not approved fenbendazole for the treatment of cancer. Using fenbendazole for cancer treatment is considered an off-label use, meaning it is not approved for that specific purpose. Cancer treatment depends on various factors, including the type and stage of cancer. It often involves a combination of treatments such as surgery, chemotherapy, radiation therapy, targeted therapy, and immunotherapy. These treatments have been extensively researched and proven effective in managing and sometimes curing certain types of cancer. Shivashankar T., Chief Clinical Nutritionist and Dietician at Tata Memorial Cancer Hospital, Mumbai further informs that a good diet is important in cancer treatment. He further explains that ""A healthy diet plays an important role in supporting overall health and well-being during cancer treatment. A diet high in good protein and no simple carbohydrates as well as inflammatory proteins can be beneficial for the cancer patients. However, this diet advice needs to be altered for every patient according to the requirements of their body."" Our research further shows that cancer treatment typically involves a multidisciplinary approach, including medical interventions like chemotherapy, radiation therapy, surgery, and targeted therapies. It is important to note that self-treating with fenbendazole for cancer can be dangerous. Fenbendazole can have side effects, including liver damage, and may interact with other medications. It is crucial to consult with a healthcare professional before considering any off-label use of fenbendazole or any other medication. Currently, there is no definitive evidence to support the claim that fenbendazole can cure cancer in humans. More rigorous clinical trials are needed to evaluate the safety and efficacy of fenbendazole for cancer treatment.",False,False,
S085,MFCI-1599,"""Very odd that Covid barely ""mutated"" for a year but once the vaccines rolled out, suddenly a whole Greek alphabet of variants appeared,"" tweeted George Papadopoulos, ex-aide to former President Donald Trump.","No. While the world has become more knowledgeable about the minor aspects of the novel Coronavirus due to continuous research, media coverage, and raising public awareness, the Coronavirus had started mutating much before the vaccines were invented. The news about Coronavirus starting to mutate started appearing on media by July 2020. In June 2020, China approved the CanSino vaccine for limited use in the military. In August 2020, Russia announced the approval of its Sputnik V vaccine for emergency use. But both these vaccines had limited availability. The actual launch of the vaccine can be dated to December 2020 when the US FDA granted an emergency use authorization to Pfizer–BioNTech and the Moderna vaccine. By December 2020, scientists had discovered multiple variants in many parts of the world including the Spanish variant, South African variant, Brazilian variant, etc. In fact, by the 3rd week of December 2020, World Health Organization (WHO) had named the Alpha and Beta variant. A Reuter's graphics representation that tracks the evolution of Coronavirus across 2020 will show that at least 7 strands were known to scientists before the launch of the Pfizer–BioNTech vaccine. The CDC also in a briefing in January 2021 listed down all variants that were discovered in 2020. So, it is wrong to say that the Covid virus barely mutated for a year and the new variants appeared only after the vaccines are invented. Scientists believe the mutations in the virus is quite normal. When cells replicate, the DNA sequence in them sometimes undergoes changes. These are majorly copying errors. In humans, cells have mechanisms to proofread the genome and also mechanisms to repair a sequence if an error is detected. Viruses lack that and hence they mutate faster. A virus with one or several new mutations is referred to as a ""variant"" of the original virus. Not always. Many times, the copying error can make the virus weaker. But sometimes, the error proves to be beneficial for the virus by making it stronger and more capable to bind with the host. If a mutation provides a survival advantage, then that mutated version becomes the dominant strain. Most of the time, scientists focus more on studying the dominant strain, and common people are also made aware of it but that does not mean that the virus only mutates to a stronger strain.",False,False,
S004,MFCI-0947,"Kidney stones can be removed in just 8 days using a home remedy of boiling one spoon each of Saunf (fennel), Ajwain (carom seeds), and Jeera (cumin) in a cup of water for 5–10 minutes, straining and taking on an empty stomach every morning, with a 100% guarantee of success.","There is no scientific proof that this mixture can dissolve kidney stones. Fennel (saunf), carom seeds (ajwain), and cumin (jeera) are often used in home remedies for digestion or bloating. Some also believe they may support urine flow. But no strong medical evidence shows that this mix can break down kidney stones. A 2023 animal study found that fennel seeds and their sprouts helped protect rat kidneys from chemical damage. The sprouted seeds had stronger antioxidant effects and improved kidney function. However, these were high doses tested in rats, not humans, and not directly for kidney stones. Furthermore, a 2024 lab study on cumin showed that its extract may help slow the growth of calcium oxalate crystals (the most common type of kidney stones). It also showed some kidney-protective effects in test tubes. But again, this was not tested in humans or as a stone treatment. Ajwain, though used in traditional medicine, did not show strong results for kidney stone treatment in a 2014 study. This mix may support general health, but there is no medical proof that it can dissolve kidney stones. Similarly, there are other home remedies that make even more exaggerated claims, such as lemon, holy basil, and coconut water curing kidney stones in a day. But this is false. How quickly a kidney stone passes depends on its size and where it is in the urinary tract. Very small stones (less than 5 mm) may pass naturally over days or even weeks. But larger stones often need medical help. There is no evidence that this drink speeds up the process. Expecting it to work in exactly 8 days is not realistic. There is no such thing as a 100% guaranteed cure or treatment for kidney stones, especially not from a home remedy. Every case is different, and even clinically proven medical treatments can't promise exact results. Claiming that this drink works for everyone in just 8 days is not only inaccurate, it's also misleading. Dr Sharad Malhotra, HOD Gastroenterology Hepatology & Therapeutic Endoscopy, Aakash Healthcare, New Delhi, told THIP Media that while certain spices may benefit digestion or urinary health, they should not be treated as cures. 'Home remedies like fennel, carom, and cumin may help improve digestion or urine flow to some extent. But there's no strong evidence that they can treat or dissolve kidney stones. People should avoid using these remedies as a substitute for proper medical care,' he said. Dr Ganesh Srinivasa Prasad P, Consultant Nephrologist at Narayana Health City, Bengaluru, also spoke to THIP Media. He explained that kidney stones are common in tropical countries due to dehydration and said that no home remedy can prevent or cure all cases. 'Reducing risk involves staying well hydrated, limiting salt, maintaining a healthy weight, eating calcium-rich foods, and avoiding high-oxalate foods. For uric acid stones, cutting down on red meat, sugar, refined carbs, alcohol, and smoking may help manage the risk,' he added.",False,False,
S014,MFCI-2703,"Bill Gates discusses using vaccines to control the global population, and this video was 'utterly scrubbed from the internet,' including its original TED Talk source. The post urges viewers to save the video and implies that authorities removed it to suppress the truth.","The claim that Bill Gates' video discussing vaccines and population control is no longer accessible online is false. The 2010 TED Talk by Bill Gates in which he discusses population growth and vaccines is still available. Both the TED website and YouTube host the video, which millions have viewed over the years. These claims about the video's removal are incorrect. The talk remains public and easy to find, countering any notion of suppression.

Social media posts have widely misunderstood and taken Gates' statement out of context. In his talk, Gates discusses reducing carbon emissions and highlights the importance of slowing population growth to achieve net-zero emissions. His comment about reducing population growth by '10 to 15 percent' refers to improving global health and reducing child mortality rates. The talk does not specifically suggest reducing the existing population. Improving healthcare through vaccines and medical services means more children survive, leading parents to have fewer children. Families tend to choose smaller families when confident that their children will reach adulthood, which helps slow population growth over time.

The claim that Gates wants to harm people or forcibly reduce the population is misleading. The video shared on social media splices his words with footage from an anti-vaccine documentary called Died Suddenly. Anti-vaccine narratives distorted the original message to promote false claims. In a 2022 interview, Gates addressed this misinterpretation, explaining that improved health systems and higher child survival rates naturally lead to lower birth rates. As mortality rates drop and families become more confident in their children's survival, parents opt for smaller families, which slows population growth.

Initially, the Bill & Melinda Gates Foundation focused on family planning through contraception in poorer countries to manage high birth rates. They observed that as healthcare and vaccination programmes improved child survival rates, families naturally had fewer children. This shift led the foundation to prioritise health and vaccination initiatives as a means to improve living conditions, reduce child mortality, and stabilise population growth. Gates has reiterated in a 2011 Forbes interview and a 2018 YouTube video that reducing child mortality through better healthcare results in smaller families and sustainable population growth.

Despite his significant contributions to global health initiatives, Bill Gates has been the target of various conspiracy theories. Related false claims debunked include: Bill Gates invented a wireless birth control microchip (false); Bill Gates inserted HIV into Mpox vaccines (false); Bill Gates planned the COVID-19 pandemic (false).",False,False,
S119,MFCI-1381,"According to an Instagram post, keeping potatoes (aloo) and onions (pyaaj) together can be extremely harmful and even kill a child. The video shows a child having a seizure and claims the child died because these vegetables were stored together. It says this is not a rumour but a scientific fact. The post claims onions release a chemical that makes potatoes sprout early, leading to the formation of toxic substances called solanine and chaconine. It warns that these can make the entire family sick, causing symptoms like stomach pain, vomiting, nausea, weakness, diarrhoea, fever, headache, breathlessness, coma, or even death. The video also claims that this is often the hidden reason behind sudden deaths in children.","Can onions really make potatoes toxic? No, onions don't make potatoes toxic. It's true that storing onions and potatoes together can lead to faster spoilage, but not because onions release any toxic chemical. Both vegetables release moisture and gases that encourage each other to sprout or rot more quickly. However, this is about food quality and shelf life—not toxicity. The claim that onions trigger a chemical reaction that makes potatoes harmful is untrue. No research supports this. Do sprouted potatoes contain harmful substances? Yes, but only if eaten in large amounts or when clearly spoiled. Sprouted potatoes can contain natural chemicals called glycoalkaloids—mainly solanine and chaconine. These are part of the plant's defence system. In high amounts, they can cause mild poisoning. Symptoms may include stomach pain, vomiting, or diarrhoea. But the risk of serious illness or death from eating a small amount at home is extremely low. In 2022, a case report from Saudi Arabia described an 11-year-old boy who became sick after eating raw, sprouted potatoes. He had stomach pain, vomiting, and later developed slow heart rate and breathing issues. Doctors suspected solanine poisoning. The boy was treated in hospital and made a full recovery. The report did not mention onions or say that storing onions with potatoes caused the problem. It also said that solanine poisoning is rare and usually happens only when a large amount is eaten. Shruti K Bhardwaj, Chief Clinical Nutritionist at Zydus Hospital, Ahmedabad, explains, 'Yes, sprouted or green potatoes can develop natural compounds called glycoalkaloids, mainly solanine, which are the plant's way of defending itself. These chemicals are found in higher amounts when potatoes are exposed to light, stored for too long, or begin to sprout. If eaten in large quantities, they can irritate the stomach and, in rare cases, cause more serious symptoms. But the key thing to remember is this: the average person isn't likely to get sick from eating one or two sprouted potatoes by mistake. Just look out for green skin or deep sprouts, and if in doubt, throw it out. It's more about food quality and taste than a serious health hazard in everyday situations.' If a potato has green patches or deep sprouts, it's safest to throw it away. But keeping it near onions won't make it toxic. Can solanine poisoning kill a child? Extremely unlikely, especially from household vegetables. Severe solanine poisoning is very rare. For it to become deadly, a child would need to eat a large quantity of highly spoiled or green potatoes. The idea that one or two sprouted potatoes—caused by storing them near onions—could kill a child is scientifically baseless. The symptoms shown in the video, like seizures or coma, are not typical of common food spoilage. Is the video showing a real cause-effect situation? No, the video is misleading with unrelated visuals. The video shows a child having a seizure and connects it to storing onions and potatoes together. However, seizures in children can be due to many medical conditions, like epilepsy, high fever, or infections. There is no evidence that food spoilage which arises due to co-storage of vegetables can lead to such a reaction. The video uses fear tactics and emotional manipulation without any scientific backing. Is there any merit to keeping onions and potatoes apart? Yes, but only to reduce spoilage—not for safety reasons. Onions and potatoes should ideally be stored separately. Onions prefer dry, ventilated conditions. Potatoes last longer in cool, dark places. Storing them together may make them spoil faster, but it won't create harmful toxins. It's more about reducing food waste, not preventing illness. Dr Swati Dave, PhD in Food and Nutrition, states, 'Yes, there's good reason to store onions and potatoes separately. Onions naturally release ethylene gas, which can speed up sprouting and spoilage in potatoes. At the same time, potatoes release moisture, creating a damp environment that can cause onions to soften and develop mould. When kept together, this exchange makes both spoil faster. To help them last longer, store onions and potatoes in separate, cool, dry, and well-ventilated spots.' THIP Media Take: The claim that storing potatoes and onions together can kill a child is false. There is no scientific evidence to support it. While it's true that these vegetables should be stored separately for better shelf life, they do not release toxic chemicals that can kill. The post uses scary visuals and unverified science to spread fear. Always check facts before believing or sharing health claims online.",False,False,
S198,MFCI-2587,The Head of the World Health Organization admits he has not received the COVID vaccine / Head of World Health Organization admits he's unvaccinated,"No. There is no evidence to confirm that the WHO's chief is still unvaccinated as of September 2023. We have previously found a similar claim circulating on social media in August 2022, which related to the same video featuring Tedros, as mentioned in the claim within this story. While attempting this fact-check story, we realized that social media posts referring to this same video lack the necessary context for users to understand Tedros' vaccination status as of September 2023. In our previous story, we have shown that the video clip in question is extracted from an interview with Tedros, conducted on June 12, 2021, by Jon Cohen, a writer for the publication Science. In the clip shared on X, Tedros, originally from eastern Africa, mentioned that he delayed his vaccination in protest of the delay in COVID-19 vaccination for people living in Africa and other low-income regions. This video clip is sourced from the HBO Originals documentary titled 'How to Survive a Pandemic.' A transcript of the interview indicates that Tedros mentioned receiving his vaccination in 2021. Evidence confirming Tedros' vaccination in May 2021, can be found on his official account on the X platform. This is not the first instance where we've encountered inconsistent claims alleging that the WHO's chief has made inaccurate statements concerning COVID-19. We have previously debunked a claim that WHO's chief stated that COVID-19 vaccine booster shots are intended to harm children.",Partly True,Partly True,
S062,MFCI-2722,"Dr Naresh Trehan is endorsing a home remedy to cure diabetes, and pharmaceutical companies are hiding natural cures to make money off people's illness.","The viral video claiming Dr Naresh Trehan is endorsing a quick diabetes remedy is confirmed to be fake. The video was altered using AI technology, showing clear signs of manipulation such as mismatched lip-syncing and unnatural facial expressions. Dr Naresh Trehan does not appear to speak or act as he normally does. A search related to Dr Trehan on social media and a review of trusted medical websites found no credible information supporting the claim. THIP has contacted Dr Trehan about the misuse of his image and is awaiting his response. The Facebook video does not offer a specific diabetes remedy; it asks viewers to click a link, but the link only displays Spanish text about the benefits of a healthy diet with no actionable information — this is classic clickbait designed to mislead. Similar AI-manipulated videos were found featuring Rajat Sharma and Dr Ramakanta Panda promoting a hypertension cure, and another featuring Dr Devi Shetty promoting a diabetes cure in just 37 hours, both leading to similar dead links with no information. Another video featured news anchor Sudhir Chaudhary promoting a quick fix for diabetes in just seven days. When clicked, the link leads to Spanish text stating: 'A healthy diet provides protection against malnutrition in all its forms, as well as non-communicable diseases' — general diet information, not a diabetes cure.

Dr Aashirwad Pawar, Diabetologist, Sai Aashirwad Hospital, Mumbai, states: 'There is no one-step cure for diabetes. While Type 2 diabetes can often be managed—and even sent into remission—through lifestyle changes, medication, and sometimes surgery, it isn't cured in the traditional sense. Home remedies, like certain herbs or foods, may support blood sugar control but cannot replace medical treatment. Diabetes management requires a comprehensive, individualised approach under medical guidance.'

Dr Ubaid ur Rahman, General Physician at Holy Mission Clinic, New Delhi, says: 'Diabetes is a long-term condition that needs ongoing management. While certain lifestyle changes, such as a balanced diet and regular physical activity, can help control blood sugar levels, there is no medical evidence to support the claim that any home remedy can cure diabetes. Effective management involves a combination of medication, dietary adjustments, and regular monitoring.'

Dr Anusha Dewan, Practising General Physician and Public Health Professional, Jeevan Anmol Hospital, New Delhi, states: 'Managing the condition involves consistent treatment with prescribed medications, lifestyle modifications, and regular check-ups. While some home remedies may offer benefits in controlling blood sugar to a limited extent, they cannot replace medical treatment or cure diabetes. The only proven way to manage diabetes is through evidence-based, long-term care.'

Regarding the conspiracy that pharmaceutical companies are hiding natural cures: no solid evidence supports this claim. Respected health organisations and independent scientists conduct diabetes research worldwide, and if a simple natural cure for diabetes existed, the medical community would widely recognise and support it.

Diabetes cannot be cured with a one-step remedy. It is a lifelong condition managed through lifestyle changes, medications, and sometimes insulin. There is no 'quick fix.' Medical experts recommend long-term, evidence-based approaches to manage diabetes.",False,False,
S122,MFCI-2286,"Cancer is Not a Disease but a Survival Mechanism Trying to Save Your Life. Tumors develop as the body's way of coping with underlying toxicity, emotional stress, or metabolic imbalances. Doctors make money off unhealthy humans. A biopsy pokes the tumor and allows cancer cells and toxins to spread throughout the body. Most people don't die from cancer — they die from the treatment of cancer. So when cancer appears to spread after a biopsy, doctors then charge more money for radiation, chemotherapy, etc.","Dr. C N Patil, HOD and Lead Consultant - Medical Oncology & Haemato-Oncology, Aster CMI Hospital, Bangalore, stated: ""The claim that 'cancer is not a disease but a survival mechanism trying to save your life' is a controversial idea promoted by some alternative health advocates, notably Andreas Moritz in his book Cancer Is Not a Disease - It's a Survival Mechanism. This perspective suggests that tumors develop as the body's way of coping with underlying toxicity, emotional stress, or metabolic imbalances rather than being a harmful disease in itself. However, this view is not supported by mainstream medical science. Cancer is, in fact, a disease characterized by uncontrolled cell growth due to genetic mutations. These mutations can result from various factors, including exposure to carcinogens (such as tobacco smoke, radiation, and certain chemicals), lifestyle choices (like diet and physical activity), and genetic predisposition. When normal regulatory mechanisms in the body fail, cancer cells multiply uncontrollably, forming tumors that can invade nearby tissues and spread to distant parts of the body through metastasis. The idea that cancer is a survival mechanism comes from observations that some tumors seem to emerge in response to chronic stress or persistent inflammation. For example, wound healing and tissue regeneration share some molecular pathways with cancer development, leading to hypotheses that cancer might have evolved from ancient repair mechanisms. However, just because cancer shares similarities with wound healing does not mean it is a beneficial or protective process. Unlike normal wound healing, cancer cells continue to divide uncontrollably, leading to the destruction of healthy tissue. Moreover, medical research has shown that cancer, if left untreated, leads to significant harm, including organ failure, pain, and death. While some early-stage cancers can be slow-growing and manageable, many aggressive forms require medical intervention to prevent life-threatening complications. Modern oncology has made significant advancements in understanding cancer biology, leading to targeted treatments, immunotherapies, and precision medicine approaches that improve survival rates. It is crucial to rely on scientific evidence rather than unverified claims when discussing cancer. The idea that cancer is a survival mechanism may mislead people into avoiding proper medical treatment. While lifestyle changes, stress management, and a healthy diet can support overall well-being and may reduce cancer risk, they are not substitutes for evidence-based cancer treatment. In conclusion, cancer is a disease caused by genetic mutations leading to uncontrolled cell growth. The claim that it is merely a survival mechanism lacks scientific support and could be dangerous if it leads people to reject necessary medical care."" Dr Sumanth Kumar Mallupattu, Consultant - Medical Oncology, CARE Hospitals, Banjara Hills, Hyderabad, further explained: ""Cancer is a disease caused by genetic mutations that lead to uncontrolled cell growth. While some claim that cancer is a 'survival mechanism,' this is a dangerous misinterpretation of science. Left untreated, cancerous cells invade healthy tissues, impair organ function, and can be life-threatening. Early detection is critical because cancers in early stages are often more localized and respond better to treatment, whether it's surgery, chemotherapy, radiation, or immunotherapy. Advanced cancers, on the other hand, become harder to treat and can spread (metastasize) to other organs, reducing survival rates. Misinformation like this can discourage people from seeking timely medical intervention, which can make a crucial difference in their prognosis."" On the biopsy claim specifically: The American Cancer Society noted, ""While cancer spread after a biopsy can technically happen, it's important to remember that it's extremely rare. The benefits of getting a biopsy far outweigh the minimal risk of cancer spread."" In a review conducted by Dimitrios Volanis et al., researchers analyzed prior studies and concluded that needle tract seeding was reported to be below 1%. A study published in The Cancers reviewed existing research on tumor seeding following breast needle biopsies and found that undergoing a needle biopsy does not significantly influence the risk of breast cancer recurrence, metastasis, or overall survival outcomes. Therefore, the biopsy-spreads-cancer claim is also FALSE.",False,False,
S051,MFCI-0456,"If you are troubled by tooth decay and bad breath, then you must try this powerful home remedy. Simply take cloves and cinnamon, grind them into a powder, and mix one teaspoon of clove powder, one teaspoon of cinnamon powder, and one teaspoon of coconut oil in a bowl. Apply this mixture to your teeth, especially where there is pain, and massage gently with your finger. After just 5 minutes, rinse your mouth with water and feel the difference—no pain, no bad breath, and no tooth decay.","Dr. Prakhar Pragya, MDS, Orthodontics and Dentofacial Orthopaedics, Consultant Orthodontics at South Delhi Region, told Medical Dialogues: 'While clove, cinnamon, and coconut oil have natural benefits like reducing bacteria and soothing discomfort, they cannot magically eliminate tooth pain, decay, or bad breath in just 5 minutes. Tooth decay is permanent and needs professional dental care. Good oral hygiene, regular brushing, flossing, and dental check-ups, along with addressing underlying issues, are the real solutions for a healthy smile.' Dr. Ritika Punjabi, MDS, Oral and Maxillofacial Surgery (OMFS), Senior Lecturer, ITS Dental College, Muradnagar, added: 'Natural remedies like cloves, cinnamon, and coconut oil can offer temporary relief, but they are not a quick fix for tooth decay, pain, or bad breath. Tooth decay doesn't heal on its own, and bad breath often signals an underlying issue. The best way to keep your teeth healthy is to brush twice daily, floss, stay hydrated, and visit your dentist regularly. There's no shortcut to good oral health.'

Scientific evidence cited: The article reviews multiple studies showing that while these ingredients have individual benefits, none support the 5-minute elimination claim. A study in the International Journal of Dentistry found that clove oil-treated teeth exhibited reduced de-calcification and may support re-mineralization, but does not claim clove oil can eliminate tooth decay within 5 minutes. A review in the World Journal of Pharmaceutical Research states that chewing cloves can help reduce bad breath and tooth pain but only provides temporary relief and does not mention effectiveness within 5 minutes. A review in the journal Molecules highlights that cinnamon has antibacterial properties against oral pathogens linked to caries or tooth decay, helping in caries prevention and reducing bad breath, but does not state that cinnamon can cure or eliminate bad breath or tooth decay once formed, nor claims effectiveness within 5 minutes. A review in the AL-AZHAR Dental Journal mentions that ancient civilizations used cinnamon to treat tooth pain and combat bad breath, but this claim is anecdotal and lacks scientific experimental evidence. A systematic review published in Heliyon suggests that oil pulling with coconut oil may help improve oral hygiene, but does not state that coconut oil can eliminate tooth pain, tooth decay, or bad breath within 5 minutes.

Tooth decay (dental caries) is an irreversible bacterial disease that leads to breakdown of the tooth's mineral content and destruction of its organic structure (Shafer, 1993). It is caused by cariogenic bacteria like Streptococcus mutans, which produce acids that erode enamel. The four key factors in caries formation are bacterial plaque, fermentable sugars, tooth structure, and time. Tooth pain (odontogenic pain) originates from teeth or surrounding structures and can be caused by pulp inflammation from cavities, dental abscesses, bruxism, or sensitivity. Bad breath (halitosis) has multiple causes: approximately 80–85% of cases originate inside the mouth (gum infections, cavities, dry mouth, poorly fitted dentures); other causes include digestive problems, acid reflux (GERD), H. pylori infection (Kinberg et al., 2010 found over half of 94 halitosis patients had stomach-related issues), and habits like smoking and alcohol. The article concludes that studies acknowledge the role of clove, cinnamon, and coconut oil in reducing tooth decay, pain, and bad breath, but none confirm their ability—individually or combined—to completely eliminate these issues within 5 minutes.",False,False,
S071,MFCI-2020,Buying ripe bananas. Green stalk with brown spots means they were chemically ripened. Black stalk.. naturally ripened.,"No, the presence of a green stalk or brown spots on a banana does not necessarily indicate that it has been chemically ripened. It is not possible to visually analyze that a banana or any other fruit has been chemically ripened. Some bananas are picked when they are still green and then allowed to ripen naturally during transportation and storage. These bananas may have a green stalk when they are purchased, but they have not been chemically ripened. When bananas ripen, their starches break down into sugars, making them sweet and better to eat. Its true that certain chemicals are sometimes used to accelerate the ripening process. Ethylene gas, acetylene gas liberated from calcium carbide, and ethephon are some of the commercial ripening agents used. According to studies, bananas treated with chemicals to induce ripening show no significant difference in biochemical composition and sensory quality compared to naturally ripened bananas. However, naturally ripened bananas are generally regarded as having superior sensory characteristics when compared to chemically treated fruits. But, there is no visual test to assess if a banana has been chemically treated or naturally ripened. Moreover, the spot patterns on bananas are a striking case of biological pattern formation and as a qualitative ripeness indicator. Bruising on bananas happen as ripening advances and they become progressively softer and will readily bruise if handled improperly. According to Japanese Scientific Research, fully ripe banana with dark patches on yellow skin produces a substance called TNF (Tumor Necrosis Factor) which has the ability to combat abnormal cells. The more dark spots it has, the higher its immunity enhancement will be. Hence, the riper the banana the better the anti-cancer quality.",False,Partly True,
S074,MFCI-1271,"Placing chopped onions on feet and covering it with socks can cure Pneumonia. Flavonoids, absorbed through the pores of the feet, help to remove phlegm from the lungs and treat pneumonia due to their properties.","Dr. Kamal Kant Kohli, Chest Specialist, explained that pneumonia risk factors include medical conditions (chronic lung diseases like COPD, diabetes, weakened immune systems from HIV/AIDS), health behaviours (cigarette smoking, substance abuse), and environmental factors (exposure to chemicals, pollutants, toxic fumes including secondhand smoke). He stated that pneumonia is a serious respiratory infection requiring proper medical treatment. Dr. Mrigakshi Agarwal, Pulmonologist at Sanjeevan Hospital, New Delhi, clarified that placing onions under the feet and covering them with socks does not cure pneumonia. She stated this practice is a folk remedy without any scientific basis or clinical evidence supporting its effectiveness against pneumonia. She explained that onions contain antioxidants and compounds with anti-inflammatory and possibly expectorant properties that may help alleviate respiratory symptoms — only when consumed — but placing onion on feet and covering with socks does not help and lacks scientific evidence. She emphasised that it is essential to consult healthcare professionals for proper diagnosis and treatment rather than relying on unproven home remedies. While some studies indicate that onions have antimicrobial and possible bronchodilatory effects (e.g., a study by Jorge García-García et al. indicating possible bronchodilatory and preventive effects of onion and quercetin on asthma and virus-infected flu symptoms), and garlic/onions possess antimicrobial properties against microorganisms causing pneumonia (Bryan-Thomas et al.), and a study by Beigoli et al. suggests onion compounds may help reduce inflammation and improve immune responses — these studies emphasise potential of extracts in preventative care rather than as a cure for existing conditions. Nowhere in any cited study does the research support that onions can cure pneumonia or that the treatment modality includes placing onions on feet and wearing socks. There is no scientific basis for the claim that flavonoids can be absorbed through the pores of the feet — the skin does not absorb nutrients in this manner. Despite in vitro studies showing antimicrobial and bronchodilatory properties, the claim lacks scientific and consensus evidence in the medical fraternity to support its effectiveness in treating pneumonia.",Mostly False,False,
S152,MFCI-0569,"Anulom Vilom (alternate nostril breathing) can cure migraine in 3 minutes and bring high blood pressure under control in 5 minutes. The claim is based on the idea that the right nostril is associated with the Surya Nadi (sun channel) which generates heat, while the left nostril activates the Chandra Nadi (moon channel) which brings coolness and calmness — so breathing only through the left nostril can stimulate cooling energy, relieve headache, ease migraine, and normalize high BP.","Both consulted doctors categorically rejected the claim that Anulom Vilom can cure migraine in 3 minutes or normalize high blood pressure in 5 minutes.

Dr. Avinash Kulkarni, Consultant Neurologist at Gleneagles BGS Hospital, stated: 'The short answer is no, because both blood pressure and migraine are chronic conditions — there is no concept of a complete cure. Now, is the claim entirely false? Not really. It is partially true. Breathing patterns play an important role. The way we breathe influences changes in the brain. They are interconnected. In patients with migraine, certain breathing patterns — especially the Indian practice of anulom-vilom or pranayama — have been shown to alter brain chemistry in a way that reduces headache episodes. This can decrease the overall frequency of attacks. However, it does not cure migraine. The same applies to blood pressure. Research has shown that deeper, slower breathing lowers blood pressure. During anulom-vilom, one breathes deeply and the number of breaths per minute comes down. This calm breathing pattern leads to a reduction in blood pressure to near-normal levels. But this effect is transient. It does not mean blood pressure is cured. Patients should therefore not believe claims that migraine or hypertension can be cured, nor should they stop their prescribed medicines in favor of breathing exercises alone. Doing so can result in serious complications such as stroke or heart attack. Breathing exercises like anulom-vilom should be considered only as a supportive measure, to be practiced alongside proper medical management under the guidance of a neurologist or cardiologist.'

Dr. Umesh Tukaram, MBBS, MD (General Medicine), DM (Neurology), Clinical Director & Senior Consultant Neurology at CARE Hospitals, Banjara Hills, Hyderabad, added: 'Anulom Vilom, also known as alternate nostril breathing, is a yoga technique that is believed to calm the nervous system, reduce stress, and improve overall well-being. Regular practice is often said to help in controlling blood pressure and reducing the frequency and intensity of migraine attacks. However, it is very important to clarify that no breathing exercise, including Anulom Vilom, can cure migraine within three minutes or normalize high blood pressure in five minutes. Migraine and hypertension are medical conditions influenced by multiple factors such as genetics, lifestyle, diet, and stress. While yoga and breathing exercises can be excellent complementary therapies, they should never replace medical treatment. If someone is experiencing frequent migraines or high blood pressure, I strongly recommend consulting a qualified medical professional for proper diagnosis and treatment.'

The article cites WHO's definition of hypertension as blood pressure consistently at or above 140/90 mmHg, noting that untreated hypertension can lead to serious health problems and does not have a permanent cure — it can only be managed with lifestyle changes and prescribed medications. Migraine is described as a neurological condition with a genetic basis, marked by repeated episodes of moderate to severe headache, usually one-sided, accompanied by nausea, photophobia, and phonophobia; attacks may last hours to days and are a major contributor to disability.

Scientific evidence cited in the article includes: a study in Acta Scientific Medical Sciences showing Anulom Vilom boosts lung function, increases vital capacity and breath-holding time, and strengthens respiratory muscles, supporting better cardio-respiratory performance and higher energy levels; a study in the International Journal of Science and Healthcare Research finding that four weeks of regular practice reduced certain cardiovascular parameters in hypertensive patients (but with no evidence of effect within 5 minutes); and a study by Anjana Kaushal et al. (PMC10666878) reporting that pranayama may complement migraine treatment by reducing headache severity and frequency and shortening episode duration — but with no evidence supporting a 3-minute cure.

The article explicitly states that while Anulom Vilom may support respiratory health, aid in hypertension management over time, and yoga can complement migraine treatment, there is no scientific evidence that it can cure migraines in 3 minutes or lower high blood pressure in 5 minutes.",Partly True,Partly True,
S126,MFCI-0724,"An Instagram post suggests that clove water, if used topically, can lighten your skin color.","Skin colour is determined mainly by melanin, a pigment produced by specialised skin cells. To truly ""whiten"" or lighten skin, something would need to safely reduce melanin production or distribution in human skin and clove water has not been proven to do this. There are no well-designed human clinical studies showing that clove water spray can lighten skin tone. Most claims online are based on personal anecdotes or misunderstandings of laboratory research, not real-world evidence. Dr Sachin Gupta, MBBS, MD (Dermatology and Venereology, AIIMS Delhi), Amrita Hospital, cautions: ""In dermatology, 'natural' does not automatically mean safe or effective. Substances that appear gentle or harmless can still pose risks to the skin."" For any persistent or concerning skin issue, consulting a qualified dermatologist remains the safest option. Dermatologists design treatment plans based on scientific evidence, clinical experience, and a clear understanding of individual skin physiology. This personalised, evidence-based approach helps ensure that skin treatments are both effective and appropriate for a person's specific needs. Some laboratory (test-tube) studies have explored clove extracts and compounds like eugenol for their effect on melanin-producing cells. In very controlled lab conditions, certain extracts showed an ability to influence melanin pathways. However, lab studies are not the same as skincare evidence. These experiments use isolated cells, precise concentrations, and purified compounds. Human skin is far more complex, it has protective barriers, blood flow, immune responses, and constant exposure to sunlight and pollution. What works in a petri dish does not automatically work on a face. Even more importantly, not all research points in the same direction. Some experimental studies suggest that eugenol can stimulate melanocyte activity under certain conditions, which could theoretically increase pigmentation rather than reduce it. This inconsistency alone makes clove a poor candidate for ""whitening."" Dr. Annusuiya Gohil, an MD Scholar at the All India Institute of Ayurveda, also explains that skin pigmentation is largely influenced by genetic makeup and environmental exposure. Although various measures can help improve overall skin brightness and appearance, a person's natural skin pigmentation cannot be changed, only enhanced or managed to some extent. Clove contains eugenol, a biologically active compound that can irritate the skin. When applied repeatedly especially in homemade, unmeasured concentrations it may cause skin irritation. When skin becomes inflamed, the body responds by increasing melanin production during healing. This process, called post-inflammatory hyperpigmentation, is a common cause of stubborn dark patches particularly in medium to deeper skin tones. Ironically, a remedy used for ""whitening"" can leave skin looking darker and patchier over time. While clove oil is more concentrated and clearly risky, clove water is still unpredictable. There is no standard recipe. One person may soak two cloves, another may boil ten. Spray frequency, skin sensitivity, sun exposure, and existing acne or damage all change how skin reacts. ""Natural"" does not mean gentle. Many plant compounds are potent precisely because they are biologically active. Without proper formulation and testing, even diluted preparations can cause harm. Some people notice a brief tightening or refreshing sensation after using clove water. This is not whitening. It is usually due to mild astringent or irritant effects that temporarily reduce oil or tighten pores. Once washed off or once irritation sets in the effect disappears. Temporary brightness is often mistaken for long-term skin improvement, which fuels misleading claims online. Evidence-based skincare works better and is safer. If the goal is an even, healthy-looking complexion (not changing natural skin colour), professional guidance and evidence-based skincare products are far more effective than DIY remedies.",Partly True,Partly True,
S017,MFCI-1919,"Covid-19 vaccine weakens people's immune systems, like immunotherapy. A British funeral director, John O'Looney, claims in a video: 'So, they've had the jabs (Covid Vaccines) maybe six to eight months ago and it's been eating away at their immune system – and now they're struggling to fight off things like the common cold.' He further adds '(Like cancer patients on chemotherapy,) they've got no immune system – a basic common cold or flu can kill them. And this is what we're seeing now in these jab recipients up and down the country.'","No. The Centers for Disease Control and Prevention states that 'Exact vaccine ingredients vary by manufacturer. Pfizer-BioNTech and Moderna COVID-19 vaccines also contain messenger RNA (mRNA) and the Johnson & Johnson/Janssen COVID-19 vaccine contains a harmless version of a virus unrelated to the virus that causes COVID-19. These give instructions to cells in your body to create an immune response. This response helps protect you from getting sick with COVID-19 in the future.' After the body produces an immune response, it discards all the vaccine ingredients just as it would discard any information that cells no longer need. This process is a part of normal body functioning. No. There is no scientific evidence that suggests that vaccines alter or weaken immunity systems. Rather, vaccines have received support from the scientific communities across the world for their ability to prevent diseases. Dr. Paul Offit from the Vaccine Education Center, in a video for The Children's Hospital of Philadelphia, states that, 'The way these vaccines work is just a fragment of messenger RNA, which we have in our cells all the time. Because of the messenger RNA, the vaccine enters your cells and then essentially is translated to a protein, in this case the SARS-CoV-2 spike protein, which sits on the surface of the cell. So, the cell makes this spike protein. While the cell is making the spike proteins, it's making a variety of other proteins using messenger RNA, none of which affect the immune system negatively; none of which sort of downregulate the immune system; none of which cause a perturbation of the immune system.' Therefore, there is no reason to believe that the SARS-CoV-2 vaccines would weaken your immune system. And there's certainly no evidence that it does that. Rather it strengthens the immune system as they give you antibodies against this virus. Hence, the claim is false.",False,False,
S093,MFCI-2340,"An Instagram reel suggests that morning tea is as harmful as poison. It argues that tea, especially when consumed with sugar and milk, feeds bad bacteria in the gut. The post further claims that tea does not clean the stomach as believed but instead triggers dependency.","Morning tea cannot be considered poison. There is no scientific evidence or medical backing for this claim. When consumed in moderation, tea is safe and can even be good for your health. Poison refers to things that can harm or kill you, and tea is definitely not one of those. The claim seems to exaggerate some of the potential downsides of tea, like adding sugar or milk. But even with these, they're not harmful if you consume them in moderation. In fact, a 2017 study found that drinking tea and milk can lower the risk of oral cancer, especially when both are consumed together. The benefits were more noticeable in older adults, urban residents, and men with a healthy weight. Another study from 2007, found that brewing black tea for longer increases its health benefits, such as antioxidants and catechins. Adding milk doesn't affect these benefits. Overall, the benefits of tea far outweigh any risks when it's part of a balanced diet. Shruti K Bhardwaj, Chief Clinical Nutritionist at Zydus Hospital, Ahmedabad, says, 'Tea contains polyphenols, which contribute to its safety and health benefits. Compared to coffee, tea generally contains lower levels of caffeine, making it a suitable option for many individuals. It can be enjoyed in the morning with added sugar and milk or prepared according to personal preferences. Claims suggesting that tea is harmful or poisonous are unfounded. For those who experience gastric issues, it is advisable to consume milder tea varieties and avoid boiling them for prolonged periods. Ultimately, morning tea can be a delightful and healthful choice.' Dr Swati Dave, PhD in Food and Nutrition, says, 'Morning tea is definitely not 'poison.' In fact, it's a drink that many people enjoy for its refreshing taste and health benefits. Tea contains antioxidants that can support heart health and protect cells from damage. The concern with adding too much sugar or milk is that it can increase your calorie intake, but in moderation, tea is a healthy choice, not something to fear.' The claim that tea feeds bad bacteria in the gut is misleading. While milk and sugar can influence gut bacteria, their effects depend on the overall diet. Research shows dairy, like milk, can benefit gut health, while excessive sugar can disrupt it. However, adding a teaspoon of sugar to tea is unlikely to cause significant harm, and individual responses to milk can vary. On the contrary, tea contains polyphenols, which have prebiotic properties. These compounds promote the growth of beneficial gut bacteria, supporting digestive health. Research shows that tea, especially green tea, can positively impact gut microbiota. Tea does not 'clean' the stomach, but this is not its purpose. The belief that tea acts as a stomach cleanser is a misconception. Tea stimulates digestion and can have a mild laxative effect for some, but it does not physically cleanse the stomach. Warm water, as suggested in the claim, may help with hydration but does not 'break any programme' or replace tea's unique properties, as claimed in the video. Tea offers several health benefits due to its rich polyphenol content. Green tea is abundant in catechins, which are powerful antioxidants, while black tea contains theaflavins with anti-inflammatory and heart-protective properties. However, excessive tea consumption, especially with high amounts of sugar or milk, can contribute to calorie intake and potentially affect health negatively. Moderation is key.",Mostly False,Mostly False,
S176,MFCI-0496,"By drinking slimming tea, one can reduce 5 kg in ten days","The video promotes a slimming tea without disclosing its ingredients, despite efforts to contact the seller. It asserts that consuming the tea will result in a weight loss of 5 kilograms within 10 days. Losing 5kg (11 pounds) in just 10 days solely by adding slimming tea to your diet is highly unlikely and not recommended. While slimming teas may offer some benefits such as temporary water weight loss or appetite suppression, the amount of weight lost is typically minimal and not primarily fat loss. For significant weight loss, especially within such a short timeframe, it's essential to focus on comprehensive lifestyle changes. Relying solely on slimming tea for weight loss can be risky and may not lead to sustainable results. Additionally, drastic weight loss in a short period can have adverse effects on health, including muscle loss, nutrient deficiencies, and metabolic disturbances. Dr. P. Rammanohar, Research Director at the Amrita Centre for Advanced Research in Ayurveda (ĀCĀRA), explains that according to Ayurveda, obesity is a challenging condition to address. Ayurvedic texts even assert that it's nearly incurable – 'na hi sthulasya bheshajam'. There are no magical solutions for obesity, and it can't be remedied by a single internal or external medicine. Instead, treatment primarily focuses on managing stress, adopting a suitable lifestyle, and following a specific diet. Medications, whether internal or external, play a supportive role. The effectiveness of the treatment is enhanced when patients adhere to a comprehensive, personalized approach to address obesity. Nutritionist Dr. Swati Dave expressed disbelief and stated that it's ridiculous that people trust such gimmicks. She emphasized that slimming tea is not a miracle weight reduction drink; it does not burn fat or promote weight loss on its own. Without knowing the ingredients, consuming ordinary spices, including green tea, daily may not be safe. Trusting such products is absurd. Dr. Dave stressed that there are no shortcuts to losing weight. Rapid weight loss leads to rapid weight regain. Misinformation from unprofessional sources can lead individuals to make unhealthy lifestyle choices, adopt unproven remedies, delay seeking proper medical advice, and contribute to anxiety, unnecessary money spending, stress, and unnecessary worry.",False,Mostly False,
S006,MFCI-2688,Keeping your hair wet after bathing will cause a cold.,"No. The common cold is caused by viruses. Keeping the hair wet, being in cool temperature with wet hair, sleeping with wet hair – all these will not cause a common cold. This is an old myth that has been debunked by medical professionals for years. Dr. Deepanshu Khanna, MBBS, MD, DNB(General medicine) says, ""These beliefs are all misconceptions. Although these beliefs are amongst us for ages, there is still no scientific basis behind these beliefs. The cause of fever or a cold is infectious virus or bacteria, and also dust in the wind which causes allergy-related issues."" Dr. Khanna explains further, ""You may catch a cold if you eat something unhygienic, without washing your hands or from eating something that causes allergic reactions in your body. But showering with cold water or wet hair after a shower is not the cause of catching a cold or fever. In fact, showering with cold water has some health benefits. It increases blood circulation, improves metabolism, can help reduce inflammation or deal with depression."" That said, there is one isolated research that showed keeping the feet in chilled water for a long duration made participants more susceptible to catching a cold. Note, the research did not have anything to do with wet hair but just experimented with wet feet. Also, only 10% of the small group who participated in the research caught cold, and the researchers concluded, ""Further studies are needed."" Not exactly. Though you will not catch a cold, there can be other health issues arising due to wet hair. These can include hair damage and fungal infections including dandruff.",False,False,
S175,MFCI-1213,The combination of coffee and baby oil can successfully clear dark circles,"Dark circles, or black discolouration in the periorbital region, constitute a frequent cosmetic complaint that provides the appearance of being aged or worn out. This hyperpigmentation is usually brought on by sleep deprivation, prolonged screen time, and sun exposure which can worsen their appearance by affecting the pigmentation and circulation under the eyes. Individuals who frequently wipe their eyes and have atopic or allergy issues may also be affected. Because periorbital hyperpigmentation is influenced by both intrinsic and extrinsic sources, determining the correct underlying cause is essential for the optimal course of treatment. While the combination of baby oil and coffee is being widely promoted for clearing dark circles, its relevance is confined to social media platforms. This is primarily attributed to the fact that under-eye pigmentation is not just a single-cause cosmetic concern; its appearance is associated with several contributors, which may not be effectively addressed with a single unsupervised formulation. Coffee contains caffeine which exhibits antioxidant and vasoconstrictive characteristics. Although some clinical formulations including caffeine may show a slight decrease in puffiness and periocular hyperpigmentation, these results are restricted to small-scale controlled trials. The direct application of coffee grounds or homemade coffee pastes for dark circles is not well supported by scientific research. Additionally, excessive or improper application may irritate the delicate periocular skin due to its abrasive nature. Baby oil is pure mineral oil containing vitamin E. Even though mineral oil may work as an emollient to enhance skin barrier function and hydration by reducing transepidermal water loss, there is no clinical evidence that it alone lightens dark circles or addresses their underlying causes. Overuse of oil can also upset sensitive individuals or clog pores. Dr. Rashi Soni, a Specialist Dermatologist at Mumbai's Rashi Hospital, explains that although the aforementioned ingredients may appear to be natural substitutes, they are ineffective for removing dark circles. A number of causes, including thin skin, ageing, lack of sleep, and heredity, can cause under-eye pigmentation, which cannot be managed via home remedies alone. While certain substances might provide minor skin improvements, they don't address the root cause of the problem. Persistence, patience, and regular use of a personalised skincare routine under professional supervision are necessary for effective results. Dr. Iftekhar Khan, MD (Dermatology), an assistant professor at SMS Medical College in Jaipur, maintains that home remedies are not the best solution for addressing under-eye darkness. The skin underneath the eyes is thinner and more sensitive, which could worsen the condition. A thorough evaluation of the problem and unwavering perseverance are necessary for under-eye therapy to be successful. Unregulated solutions are discouraged by medical experts due to the complex development of under-eye pigmentation. Therefore, determining the precise underlying cause—vascular, pigmentary, structural, or a combination—is essential to effective care. Instead of following the viral trends, a dermatologist should be consulted for expert advice.",False,False,
S052,MFCI-2222,WEF Declares Pedophilia 'Sexual Orientation' Must Be Added To LGBTQAI+. The LGBTQAI+ rainbow community must add a P according to the World Economic Forum in Davos which has declared that pedophilia is an acceptable sexual orientation that deserves respect.,"This article is a general misinformation fact-check rather than a doctor-verified medical fact-check. The Fact Check section explains: What is LGBTQAI+? The term LGBTQAI+ is an inclusive acronym representing diverse sexual orientations and gender identities including Lesbian, Gay, Bisexual, Transgender, Queer, asexual, Intersex, and other identities. What is pedophilia? Pedophilia is a term used to describe a psychological disorder where an adult feels sexual attraction for children. This attraction is harmful and inappropriate because children cannot consent to sexual activity. It is considered a serious offence and is illegal in many places because it can lead to harm and exploitation of children. While pedophilia itself (the attraction) is not illegal, acting on those attractions by engaging in sexual activity with children is illegal in all countries. What does the WEF do? The World Economic Forum (WEF) is an organisation that brings together leaders from government, business, and academia to discuss global issues. Has the WEF actually made this declaration? No, the WEF has not made any such declaration. There is no evidence to support the claim. A search on the WEF website shows the term 'pedophilia' has not been mentioned since 2017, and even then it was used for debunking another conspiracy theory. Representatives from GLAAD, an LGBTQ+ advocacy group, attended the Davos meeting and confirmed that no such declaration was made. Such claims have absolutely no basis and go against the core values and goals of the WEF. The article also notes this website has been well-known to publish and perpetuate false information repeatedly, with THIPmedia having debunked several of their previous claims.",Mostly False,Partly True,
S080,MFCI-0162,Dr Anthony Fauci admitted that none of the 72 vaccines currently required for children in the U.S. have ever been safety tested.,"The claim that Dr Fauci admitted to the lack of safety testing for 72 mandatory childhood vaccines is false. Vaccines undergo extensive clinical trials to ensure their safety and effectiveness before being approved by the FDA. What did Robert F. Kennedy Jr. claim about vaccine safety testing? Robert F. Kennedy Jr., a prominent anti-vaccine advocate, has repeatedly stated that vaccines for children have never undergone placebo-controlled safety trials. He claimed that Dr Fauci faced this accusation but could not provide the requested study. According to Kennedy, Fauci's lawyers allegedly admitted that no such study existed. However, this account comes directly from Kennedy himself, not from Fauci or any verified sources. It's important to note that Kennedy's claims are not based on credible evidence. Dr Fauci and his legal team did not make any formal admission regarding the testing of vaccines. Was RFK Jr. correct in claiming that not one of the 72 childhood vaccines has been tested in placebo-controlled, pre-licensing trials? No, that claim is false. Vaccines approved for children in the United States undergo extensive safety and efficacy testing, including pre-licensing clinical trials, some of which are placebo-controlled. The U.S. Food and Drug Administration (FDA) requires all vaccines to pass through Phase I–III trials before licensure. Did Dr Fauci or his legal team ever admit that RFK Jr. was correct about vaccine safety testing in a lawsuit? No, there is no evidence of such an admission. There is no public legal record or credible documentation confirming that Dr Anthony Fauci or his lawyers conceded that RFK Jr. was correct. If such an admission had occurred in court, it would be a matter of public record and widely covered by mainstream and legal media. During our research, we found a media report on Dr Fauci's response to RFK Jr.'s remarks about him, which simply stated that the claims made by RFK Jr. have no scientific basis. Dr Fauci has consistently emphasised the importance of vaccine safety and the careful testing process vaccines go through. Similarly, we have seen claims which suggest SV40 is present in experimental vaccines and it causes cancer. However, this is not supported by evidence. Is it true that vaccine manufacturers face no liability and that childhood vaccines aren't properly safety tested? Partially true but highly misleading. Vaccine manufacturers are protected from most direct liability through the National Childhood Vaccine Injury Act of 1986, which created the Vaccine Injury Compensation Program (VICP). However, this legal protection does not mean vaccines skip safety testing. What do the CDC and FDA say about vaccine testing and approval? The CDC and FDA make it clear that vaccines undergo a rigorous approval process to ensure their safety. The FDA oversees the approval of vaccines and ensures each vaccine meets strict safety standards during production and after its release to the public. Additionally, various surveillance systems monitor the safety of vaccines after approval. The CDC highlights that vaccines are one of the most effective tools for preventing disease. They save millions of lives each year and prevent the spread of various infections. Is The People's Voice a reliable source of information? No, The People's Voice has been associated with publishing misleading or false information. This site has promoted conspiracy theories and misinterpreted studies. We have previously debunked several of its claims including that the WHO ordered lockdowns for a deadly monkeypox strain and that an AHA report confirmed COVID-19 vaccines cause fatal heart defects.",False,False,
S120,MFCI-1943,Drinking clove water for two weeks before bed can shrink belly fat or give you a flatter tummy.,"There is no scientific proof that clove water reduces belly fat. Body fat, especially abdominal fat, is stored and lost based on overall calorie balance, hormones, genetics, physical activity, sleep, and stress levels. No drink can selectively target fat from the stomach area. Cloves contain bioactive compounds such as eugenol, flavonoids, and phenolic acids. These compounds have antioxidant and anti-inflammatory properties, which are beneficial for general health. However, none of these substances have been shown in human studies to break down fat cells or increase fat loss, particularly from the abdomen. Claims of spot fat reduction are a common myth in nutrition science. Hakim Bharmal, Master Trainer and Contest Prep Coach, explains that long-term loss of abdominal fat comes from consistent, science-backed habits rather than quick fixes. This includes a small, sustainable reduction in calories instead of extreme dieting, combining cardio with strength training, and eating enough protein and fibre to help control hunger. He also highlights the importance of sleep and stress management, as hormones like cortisol and insulin play a role in where fat is stored. He notes that core exercises can strengthen muscles and improve posture, making the midsection appear firmer, but they do not specifically burn belly fat. He emphasises keeping expectations grounded, real changes in health and body shape take time, and steady, manageable progress is both safer and more effective in the long run. Clove water may help reduce bloating, which can make the stomach appear flatter for a short time. Cloves have traditionally been used to support digestion because they may stimulate digestive enzymes and reduce gas formation in the gut. If someone experiences frequent bloating due to heavy meals, slow digestion, or excess gas, drinking warm clove water might ease discomfort. When bloating reduces, the abdomen can look less distended. However, this effect is cosmetic and short-lived. It does not reflect fat loss or a real reduction in waist size. Dr Durga Priyadarshini R, PhD (Nutrition), says, Cloves have compounds with mild digestive-supportive properties, and traditional use suggests they might help relieve occasional gas or bloating, but this is largely based on historical practice and small, subjective studies, not robust clinical proof. There is no high-quality research showing that cloves are effective in reducing bloating as a standalone therapy. Any benefit people feel is more likely due to warm liquid consumption, placebo response, or general soothing effects. Cloves should not be relied upon as a therapeutic agent for chronic gastrointestinal conditions, and claims that they fix bloating or heal digestion are not scientifically substantiated. Improved digestion does not equal weight loss. While cloves may help relieve mild indigestion, gas, or nausea, they do not alter how many calories the body absorbs or burns. Weight loss occurs when the body consistently uses more energy than it consumes. Clove water does not suppress appetite in a clinically meaningful way, nor does it increase energy expenditure. Dr Almas Fatma, General Physician, Navi Mumbai, highlighted that Some research suggests clove or clove-water infusions may help mild digestive discomfort like gas and bloating. While cloves have anti-inflammatory and carminative properties, most evidence comes from concentrated extracts, not clove water. Any relief is likely mild and symptomatic rather than a proven therapeutic effect. Clove water made using one or two cloves is generally safe for healthy adults when consumed occasionally. However, drinking it daily or in concentrated forms is not recommended. Cloves are potent. Excess intake may irritate the stomach lining, worsen acidity, or cause nausea. Eugenol can also affect blood clotting, so people on blood-thinning medications, those with liver conditions, gastritis, ulcers, or pregnant women should avoid regular use without medical advice.",Partly True,Partly True,
S179,MFCI-1856,"A viral Instagram reel claims that a mix of soda, coffee, Colgate toothpaste, tomato juice, and lemon juice cleans your underarms in 5 minutes and permanently prevents hair growth.","Dr Ruby Sachdev, Consultant Aesthetic Physician at Gleneagles Hospital Bengaluru, explained that underarm darkening can occur due to several factors including frequent friction, shaving, use of certain deodorants or antiperspirants containing irritants, excessive sweating combined with bacterial buildup, medical conditions like acanthosis nigricans (often linked to insulin resistance, obesity, or hormonal imbalances), post-inflammatory hyperpigmentation from skin irritation due to shaving, waxing or other treatments, and hormonal changes during pregnancy or from disorders. These underlying factors cannot be resolved with natural remedies.

Dr Safia Tanyeem, Dermatology at Koramangala, Bengaluru, Apollo Cradle & Children's Hospital, stated: 'Laser destroys the hair root responsible for hair growth and this helps patients experience a hair free period lasting from few months to even years, with approximately 8-10 sessions done 1 month apart. However damaged hair roots regrow back under the influence of hormones and few systemic factors, and therefore results aren't permanent and patients will require maintenance shots. Compared to other methods of hair reduction, laser is safe, effective, adds to smoothness of skin and gives long-lasting results. Home remedies don't work for hair removal and instead, cause skin irritation and burns and are therefore better avoided.'

The article provides detailed scientific evidence against each ingredient:

1. Colgate toothpaste contains fluoride, abrasives, flavors, humectants, and detergents. A study by A. Skaare et al. (published in PubMed, PMID: 9176662) identified Colgate as a significant irritant causing skin erythema and other skin issues. There is no scientific evidence that it can clean underarms in five minutes or prevent hair growth or remove hair permanently.

2. A study published in Antioxidants (PMC9031248) highlighted that the topical application of tomatoes can lead to adverse skin reactions such as contact dermatitis and skin irritation including burning sensations.

3. According to a study published in Clinical and Molecular Allergy (PMC8310597), lemons are unsuitable for direct application on the skin as they can cause harm.

There are two main types of body hair: vellus hairs (shorter, thinner peach fuzz) and terminal hairs (longer, thicker hairs including underarm hair). Effective hair removal requires proven methods such as shaving, waxing, or laser treatments. Underarm darkening is often linked to underlying factors such as friction, acanthosis nigricans, genetics, or hormonal imbalances, which cannot be resolved with natural remedies.

The article also notes general health benefits of coffee (antioxidant, anti-mutagenic, anti-carcinogenic, anti-obesity effects from polyphenols like chlorogenic acids), tomatoes (lycopene, β-carotene, antioxidants reducing oxidative stress), and lemon (vitamin C, folate, potassium, used in culinary and medicinal domains), but these are nutritional/health benefits when consumed, not topical applications for hair removal. There is no scientific evidence or medical consensus supporting the claim that the described mixture cleans underarms in 5 minutes or permanently prevents hair growth.",Mostly False,Mostly False,
S020,MFCI-1630,Medical Dialogues reported that certain branded medicines are substandard or unsafe,"Medical Dialogues had published a factual news report based on an official drug alert issued by India's drug regulator. Such alerts typically list medicines or samples that were found to be 'not of standard quality' during laboratory testing. These reports are based on regulatory data and are meant to inform healthcare professionals about quality issues identified in specific tested samples or batches, not to make broad claims about entire brands or manufacturers. The original Medical Dialogues report did not display images of branded medicines, nor did it single out entire brands as being substandard. The viral WhatsApp image has been altered to include brand names and product photos that were not part of the original report. It also falsely uses the Medical Dialogues logo, creating the misleading impression that the publication accused these brands of poor quality. This manipulation changes the meaning of the original report and turns a batch-specific regulatory update into a false allegation against entire brands. Medicine-related misinformation can cause serious harm. Misleading messages like this can create panic among patients, damage the reputation of pharmaceutical companies without evidence, and even lead people to stop prescribed medicines without medical advice. Drug quality alerts are technical, specific, and limited in scope, and misrepresenting them erodes public trust in both regulators and credible medical journalism.",False,False,
S068,MFCI-1181,Mushrooms and chives given in soup form can cure cancer.,"Dr. Tushar Patil, Senior Consultant - Medical Oncologist, Sahyadri Super Specialty Hospital, Deccan Gymkhana, Pune, explained: 'The research supporting certain mushrooms' possible anti-cancer effects is still developing, despite increased interest in this area. Polysaccharides, one of the compounds present in mushrooms, have been researched for their ability to strengthen the immune system and fight cancer. For instance, lentinan from shiitake mushrooms and PSK (polysaccharide-K) from turkey tail mushrooms have demonstrated the potential to increase chemotherapy efficacy and increase cancer patients' chances of survival. But it's crucial to handle this subject carefully. Under the advice of medical specialists, mushrooms may supplement standard cancer therapies rather than take their place. More investigation is required to comprehend their function and effectiveness in cancer therapy completely.'

Dr. Jyoti Mehta, Radiation and Clinical Oncologist, TGH Onco-Life Cancer Centre, Talegaon, added: 'Mushrooms or medicinal mushrooms are believed to cure cancer as they contain certain anti-cancer components. However, this claim hasn't been verified yet. There are no studies, research, or evidence available regarding the effectiveness of mushrooms in curing cancer. Agaricus blazei, a type of mushroom, is known to decrease the growth of cancer cells and boost the immune system. Other species of mushrooms, like reishi and maitake, have also shown potential in curing cancer. These mushrooms may carry natural components that might help prevent cancer cells from growing further, but going on hearsay is not a good idea. Don't eat mushrooms just because others are doing so or they have been promoted on social media. Mushrooms can also help strengthen the body's defense mechanism against cancer by improving the immune system and are safe to eat, they will not help you to manage cancer. One will need to undergo combination treatment, including surgery, chemotherapy, radiation therapy, targeted therapy, or immunotherapy to battle cancer. You will be shocked to know that wild mushrooms are poisonous and create havoc on your health. Even those suffering from any type of food allergy should avoid mushroom intake. Furthermore, eating mushrooms mindlessly can cause liver or kidney toxicity and give a tough time to an individual. It is better to consult an expert if you are adding mushrooms to your daily diet and be assured about the quantity. Anything consumed in excess can do more harm than good. Cancer patients should strictly follow the treatment plan devised by the doctor only. Though eating mushrooms is one of the factors for cancer management, only depending on them for dealing with cancer is a strict no-no.'

The article also cites: Cancer Research UK stated 'There is no evidence that mushrooms or mushroom extract can prevent or cure cancer. Early research has shown that it may strengthen the immune system.' A Cochrane review 2016 on reishi mushrooms (Ganoderma lucidum) found a small benefit only when given with standard chemotherapy/radiotherapy treatment. Studies by Gao CM et al. showed a protective association between consumption of Allium vegetables (including Welsh onions and Chinese chives) and stomach cancer risk — a risk reduction, not a cure. According to Hye Jin Park et al., mushrooms contain anticancer components such as antroquinonol, cordycepin, hispolon, lectin, krestin, polysaccharide, sulfated polysaccharide, lentinan, and Maitake D Fraction that may minimize chemotherapy side effects, but none of these studies verify that mushrooms and/or chives can cure cancer.",False,False,
S108,MFCI-2293,"A widely circulated post from Facebook claims that a plant called chhoti dudhiya (Euphorbia thymifolia) is a simple and effective cure for jaundice. The claim advises uprooting the plant, grinding it into a paste, and consuming it with jaggery syrup twice daily. It also mentions that this home remedy can cure jaundice within 15 days.","Dr. Sharad Malhotra, Senior Consultant & HOD Gastroenterology Hepatology & Therapeutic Endoscopy, Aakash Healthcare, New Delhi, says: 'Chhoti dudhiya might be used in traditional medicine, but it hasn't been scientifically proven to cure jaundice. Jaundice is a sign that there might be a problem with your liver or bile ducts. If you rely on herbal remedies that haven't been proven to work, you could delay getting important medical help. It's really important for anyone with jaundice to see a doctor for a proper diagnosis and treatment.' Dr. Manan Arora, BAMS, Specialised in Chronic Disorders & Mental Wellness, New Delhi, explains: 'In Ayurveda, Euphorbia Thymifolia, commonly known as chhoti dudhi, is valued for its cooling properties and potential benefits for digestive health and detoxification. It may support liver function, which can be beneficial for individuals with jaundice. However, claiming it can miraculously cure jaundice within 15 days is an exaggeration.' He further explains: 'Ayurvedic practices often emphasize a holistic approach, incorporating dietary changes, herbal remedies, and lifestyle modifications to promote overall health and healing. E. thymifolia has traditional uses, like a blood purifier, sedative, hemostatic, aromatic, stimulant, astringent in diarrhea and dysentery, anthelmintic, demulcent, and laxative. It is also helpful for flatulence, constipation, chronic cough, as an antiviral in bronchial asthma and paronychia. The dried leaves and seeds are administered with buttermilk to children for bowel complaints.' Dr Arora concludes with: 'While chhoti dudhi may serve as part of a supportive regimen, jaundice generally needs comprehensive evaluation and treatment based on its underlying cause.' The article explains that there is no scientific evidence to support the claim that Euphorbia thymifolia, or any plant referred to as chhoti dudhiya, can cure jaundice. Jaundice is a medical condition caused by underlying liver issues, viral infections (like hepatitis), or blocked bile ducts, and it requires professional treatment. Even malaria can cause jaundice, especially in severe cases. Some traditional herbs may help in liver health, but no credible research proves that Euphorbia thymifolia or similar plants can completely cure jaundice in 15 days. The plant's latex can cause skin irritation, and certain plants in the Euphorbia genus contain toxic latex that can irritate the skin, eyes, and digestive system. The 2013 review found that the sap from the E. thymifolia plant can cause skin irritation and blisters in individuals with sensitive skin. Jaundice is not a disease itself but a symptom of liver dysfunction, bile duct blockage, or infections such as hepatitis. The presence of yellowing of the skin or eyes, dark urine, or fatigue needs immediate consultation with a healthcare professional. Medical professionals may prescribe antiviral medication, perform surgery for blocked bile ducts, or recommend lifestyle modifications to support liver health.",Mostly False,Mostly False,
S106,MFCI-1313,"Eating raw onions can flush out toxins and hard food particles that get stuck in the intestines, and raw onions can relieve constipation.","There are several causes of constipation, like a diet low in fibre, insufficient hydration, or a lack of physical activity. Stress, certain medications, and medical conditions like irritable bowel syndrome (IBS) can be other contributing factors. Constipation gives rise to difficulty passing stools, bloating, and discomfort. Lastly, if left untreated, it can cause complications like haemorrhoids or faecal impaction. It is important to treat constipation because chronic constipation can cause serious complications, such as rectal prolapse and faecal impaction. Maintaining regular bowel movements is important for good digestive health. Diet plays a significant role in relieving and preventing constipation. High-fibre foods, such as fruits, vegetables, and whole grains, promote bowel movements. These act by adding bulk to the stool and making it easier to pass. Drinking enough water is also important, as hydration softens stools, making them easier to eliminate. Foods like prunes (sookhaaloo bukhara), pears (nashpati), and flaxseeds (alsi ke beej) have natural laxative properties that can help relieve constipation. According to Soumam Dutta, a PhD Scholar in Nutrition from the Department of Endocrinology at the ICMR-National Institute of Nutrition, ""Following the 'My Plate' guidelines is essential for adults to ensure adequate fibre intake, which helps prevent and treat constipation. A sustainable approach is to include a 100g salad with breakfast, lunch, and dinner. In total, a daily intake of 400g of vegetables, 100g of whole fruits, and 3-4 litres of water is recommended. Additionally, incorporating whole grains, millets, legumes, and nuts into the diet is beneficial. Bran or powdered fibre can also be added to cereals, yoghourt, or soups. Drinking warm water first thing in the morning may aid in bowel movements."" He also advises, ""It's important to consult a nutritionist or dietician to personalise these recommendations to your specific needs and lifestyle for optimal digestive health."" Raw onions contain fibre, which is beneficial for digestion, but they are still not a treatment for constipation. While fibre supports regular bowel movements, there is no evidence to suggest that raw onions are specifically effective in relieving constipation. Additionally, for people with sensitive digestive systems, raw onions may cause gas, bloating, or discomfort, which can potentially worsen constipation. The claim that raw onions can flush out toxins is false. The body has a natural detoxification system, primarily managed by the liver and kidneys. The idea that raw onions, or any food, can ""flush out toxins"" from the intestines is scientifically inaccurate. While fibre in onions can support digestion, it does not have the ability to cleanse toxins from the body. This claim is misleading, as no food can single-handedly detoxify the body. Detox diets lack solid research and are often based on flawed studies with small groups and poor design. A 2015 review found no strong evidence that detox diets help with weight loss or removing toxins. Detox diets also don't explain which toxins they target or how they're removed, ignoring that the liver and kidneys already detoxify the body naturally. These diets can cause stress, increase cravings, and lead to unhealthy eating habits. Additionally, many detox products are unregulated and can be dangerous. From an Ayurveda perspective, Dr Mohit Sandhu, BAMS, Shri Shubhda Ayurveda Wellness Clinic, Gurugram states, ""In Ayurvedic medicine, there is no specific evidence or traditional belief that supports the idea of raw onions 'flushing out toxins' from the intestines. Ayurveda does recognise the health benefits of onions, particularly their ability to balance certain doshas, help digestion, and provide nutrients. But, the concept of using raw onions to 'flush out toxins' is not a prominent or established practice in traditional Ayurvedic texts."" Dr Sandhu further elaborates that Ayurveda emphasises a holistic approach to digestive health, combining diet, lifestyle, and herbal remedies customized to an individual's constitution (prakriti) and current state of health. Regarding the claim that raw onions can remove hard food particles stuck in the intestines - this is incorrect. The digestive system naturally breaks down food with the help of enzymes and muscular contractions known as peristalsis. There is no evidence that raw onions, or any other food, can remove hard food particles from the intestines. The claim that raw onions can flush out toxins from the intestines is false. Raw onions are a source of fibre that may support digestion. But, they do not have detoxifying properties or the ability to remove toxins or hard food particles from the intestines. Maintaining a healthy digestive system depends on a balanced diet, hydration, and regular physical activity, rather than consuming specific foods for ""detox.""",False,False,
S153,MFCI-1714,"BREAKING: COVID SHOTS INSTALLED NANOBOTS New Japanese study proves Pfizer and Moderna v*ccines contain unauthorized ""animated worm-like"" entities, invisible to the human eye, which swim, wiggle, and assemble themselves into complex structures, which cause clots inside the body. The post also claims this can cause ""turbo cancer"" and autoimmune diseases, referencing a study by Dr Young Mi Lee and Dr Daniel Broudy from Okinawa Christian University. The claim also involves conspiracy theories about the ""Internet of Bodies"" and synthetic ""Biohybrid Magnetic Robots.""","No, COVID-19 vaccines do not contain nanobots. The Pfizer and Moderna vaccines are built on mRNA technology, which uses lipid nanoparticles—tiny fat particles—to safely deliver mRNA into your cells. These nanoparticles are there to protect the mRNA and help it enter the cells, where it instructs them to produce the spike protein, triggering an immune response. The idea that these vaccines contain ""animated worm-like"" entities is entirely baseless and has no scientific support. The claim that COVID-19 vaccines include nanobots leading to ""turbo cancer"" and autoimmune diseases is not true as per credible evidence. These kinds of claims originate from misinformation and conspiracy theories. Research and real-world data have shown that COVID-19 vaccines are safe and effective in preventing severe illness and saving lives. The study by Dr Young Mi Lee and Dr Daniel Broudy, mentioned in the claim, has not been published in any reputable peer-reviewed journal. The International Journal of Vaccine Theory, Practice, and Research, where the claim appeared, is not recognised in the scientific community as a reliable source. No credible evidence supports their findings of ""undisclosed additional engineered components"" in vaccine vials. Additionally, the claim that they used 400X magnification to identify complex ""nanobots"" or structures is highly questionable because this level of magnification is insufficient to detect the kind of detail necessary to make such claims. The study suggests that mRNA COVID-19 vaccines contain self-assembling nanotechnology, but it was published in predatory journals like the International Journal of Vaccine Theory, Practice, and Research and shared on ResearchGate, neither of which guarantees scientific authenticity. The study does not have rigorous peer review, uses insufficient methodologies, such as low magnification, has a small and non-representative sample size, and exhibits clear bias against vaccines. The term ""turbo cancer"" does not exist in the medical field. The notion that vaccines could rapidly trigger aggressive cancers is not true. Similarly, there isn't enough evidence to support the idea that COVID-19 vaccines cause or worsen autoimmune diseases. A series of 2023 studies explore the potential link between COVID-19 vaccines and autoimmune reactions, noting that while some cases of new-onset autoimmune diseases have been observed post-vaccination, the risk of developing autoimmune conditions is higher with COVID-19 infection itself. The claims about the ""Internet of Bodies"" and ""Biohybrid Magnetic Robots"" controlling human bodies are rooted in conspiracy theories with no basis in medical science or vaccine technology. The ""Internet of Bodies"" is a hypothetical concept involving human bodies connected to the internet via devices or implants, but there is no evidence linking COVID-19 vaccines to such scenarios. The concept of Biohybrid Magnetic Microrobots is indeed new and promising for biomedical applications like targeted drug delivery, but not in the way the claim suggests. Extensive research and testing have shown that mRNA vaccines like those from Pfizer and Moderna are safe and highly effective in preventing severe illness and death from COVID-19. There are some rare but severe adverse effects associated with COVID-19 vaccines, including COVID-19 vaccine-related acute pancreatitis. All kinds of vaccines come with certain side effects. Regulatory bodies such as WHO and FDA have thoroughly reviewed these vaccines, confirming their safety and effectiveness. A 2023 review suggests that mRNA vaccines, particularly Moderna and Pfizer-BioNTech, are highly safe and effective against various COVID-19 variants, outperforming traditional vaccines like Oxford-AstraZeneca and Sinopharm. These claims are not just false—they're dangerous. Deliberate misinformation like this can create fear and confusion, leading people to avoid life saving vaccines.",False,False,
S056,MFCI-1950,Drinking coriander water induces periods within a day (4 to 5 hours). Women who suffer from PCOD or face delayed periods should try this drink. The drink also reduces cramps and prevents acne before periods.,"Dr. Sandhya Rani, Senior Consultant, Obstetrics & Gynaecology, Aster Women & Children Hospital, Bengaluru, told Medical Dialogues, ""Coriander water may have certain medicinal benefits like reducing pain during periods because it has antispasmodic activity. It may also ease the discomfort of the women because it helps in digestion and the bloating may come down. But inducing periods is a myth because it does not have any hormonal effect. So, I do not think that taking coriander water can induce periods. It's not that easy. Periods come because of various hormonal changes. It is always suggestible to lead a good lifestyle and regularize your periods rather than using short-term solutions like coriander water.""

To this Dr. Shruthi Kalagara, Consultant Obstetrician and Gynecologist at Motherhood Hospitals in Sarjapur, Bangalore added, ""Let's bust this myth today. Drinking coriander seed water or any home remedy does not make your periods come. Here's the real deal. You need to ovulate first. If ovulation happens and there is no pregnancy, then your body will naturally get a period. So, instead of focusing on quick fix drinks, we need to address the root cause, whether you are ovulating regularly or not.""

The article further explains: Periods (mensuration/menses) is a natural biological process involving a recurring cycle of physical and hormonal changes in the body. Typically starting between ages 12 and 15, it continues until menopause (ages 45–50). A typical menstrual period lasts 2 to 7 days and recurs every 21 to 35 days. However, around 14–25% of women experience irregular periods — periods that are unusually heavy or light, arrive too early or too late, involve intense cramping, or are unpredictable in timing. Some may miss periods for 3 to 6 months. Such irregularities are often linked to hormonal imbalances (estrogen and progesterone). Common causes include Polycystic Ovary Syndrome (PCOS), contraceptive use, breastfeeding, intense physical activity, thyroid disorders, and intrauterine devices (IUDs). Lifestyle factors like obesity, stress, and smoking may also contribute.

Regarding inducing periods within a day: If a period is already due or approaching, it may begin naturally in a day. However, in cases involving PCOS, PCOD, thyroid issues, or stress-related disruptions, it is not medically feasible to induce menstruation within a single day. These conditions typically need appropriate evaluation and treatment by a healthcare professional. Additionally, if pregnancy has occurred, menstruation does not take place.

On coriander's health benefits: Coriander is valued in both culinary and traditional medicine. Coriander seeds have been traditionally used to ease pain, inflammation, and symptoms of rheumatoid arthritis. The seeds are also commonly used to support digestion, relieve gas, nausea, diarrhea, and indigestion. These benefits are thought to come from coriander's ability to stimulate the liver to produce bile and digestive enzymes, enhancing digestion and gut motility.

On whether coriander water can induce periods: A review in Frontiers in Pharmacology highlights coriander's anti-inflammatory and antispasmodic effects, which could help with menstrual discomfort, but it makes no mention of regulating or triggering menstruation. A review in the International Journal of Research in Ayurveda and Pharmacy notes that coriander may aid hormone secretion and reduce menstrual pain, yet it does not link the herb to menstrual regulation. Currently, no scientific evidence confirms that coriander water can induce periods within a day, and no medical consensus endorses this claim.",False,False,
S092,MFCI-0576,"Drinking a mixture of bay leaves and apple cider vinegar (made by combining half a cup of apple cider vinegar with half a cup of water and adding 5-6 bay leaves, then refrigerating it for an hour) can dissolve gallstones and kidney stones in just three days.","Bay leaves cannot dissolve kidney or gallstones. Bay leaves may have some health benefits, such as anti-inflammatory properties, but they are not effective in dissolving kidney stones or gallstones. There is no scientific evidence that supports this claim. While bay leaves have been traditionally used in some cultures for digestive issues, their role in breaking down stones within the body is unproven. Kidney stones and gallstones are hardened deposits of minerals and substances like calcium or cholesterol, and they form over time. For a substance to dissolve these stones, it would need a specific chemical composition that can break down those deposits. Bay leaves simply do not have the necessary compounds to do this. Dr. Prerna Chaudhary, BAMS, Founder of Shri Shubhda Ayurveda Wellness Clinic in Gurugram, provided an Ayurvedic perspective: 'Ayurveda does not offer specific medicinal treatments for gallstones. However, as per Acharya Sushruta, the father of Ayurvedic Surgery, gallstones are considered a type of Shalya (foreign body) resulting from a dosha imbalance. These stones should ideally be removed through Shalya Karma (surgical management). For gallstones measuring less than 3-4 mm (Pitta-Ashmari), Ayurvedic medicines prescribed by a trained Ayurvedic practitioner can help dissolve them.' Dr. Ganesh Srinivasa Prasad P, Consultant Nephrologist at Narayana Health City, Bengaluru, explained that kidney stones are common in tropical countries due to dehydration, and treatment depends on the stone type. While home remedies do not prevent kidney stones, reducing risk involves staying hydrated, cutting salt, maintaining a healthy weight, eating calcium-rich foods, and avoiding high-oxalate foods. For uric acid stones, limiting meat, sugar, carbs, alcohol, and smoking can help manage the risk. Regarding apple cider vinegar: Some studies believe that the acidity of vinegar can help 'dissolve' kidney stones, but there are no studies that specifically talk about apple cider vinegar dissolving stones. Shruti K Bhardwaj, Chief Clinical Nutritionist at Zydus Hospital, Ahmedabad, advises: 'To reduce the risk of gallstones, avoid very low-calorie diets and prioritise a balanced diet with healthy fats. Keeping a stable, healthy weight is crucial. It is also important to seek guidance from qualified professionals who provide evidence-based information, ensuring you follow trustworthy health practices.' The article notes that another post claiming boiling muskmelon peel in water can dissolve gallstones in 30 minutes is completely false. Conclusion: Bay leaves and apple cider vinegar cannot dissolve kidney or gallstones in three days. These home remedies lack scientific backing and should not be used as a replacement for proper medical care.",False,Mostly False,
S169,MFCI-0194,Every cell in the human body regenerates over a seven-year period. It further suggests that you become a new person every seven years.,"The claim that every cell in the body regenerates in seven years is false. The adult human body consists of nearly 37 trillion cells. Each cell has its own potentially unique molecular traits. Different types of cells renew at varying rates, while some do not regenerate at all. Cells like skin cells regenerate quickly, approximately every two to four weeks, due to the continuous wear and tear they experience from the environment. Red blood cells, on the other hand, have a lifespan of about 120 days, after which they are replaced. Even bone cells undergo regeneration, but this takes around 10 years. However, some cells, such as neurons in the brain, particularly in areas like the cerebral cortex, do not regenerate once they are formed. These neurons are responsible for critical functions like memory and cognition, and they last a lifetime. A 2020 study discovered that after a brain injury in adults, cells become less mature, which might help them grow again. So, the idea that all cells are replaced every seven years is a misunderstanding of how different cells in the body function. Dr Kunal Gupta, MD, Emergency Physician at Accord Super Speciality Hospital, Faridabad, says, 'Every day, millions of skin cells renew through division, while dead cells are shed. Different types of cells have varying lifespans, except for neurons, which generally do not regenerate after birth. While the liver has the remarkable ability to regenerate, even after partial removal, most other tissues, like heart muscle cells, cannot fully repair themselves. Skin, however, has a strong capacity for regeneration. The human body contains two key types of cells: somatic cells, which make up most of the body, and stem cells, which help in the repair and renewal of tissues, though their capacity to fully regenerate organs is still limited.' Regarding exceptions to cellular regeneration: liver tissue can regenerate, but heart muscle cells (cardiomyocytes) have very limited ability to do so. When adult heart cells are damaged, they can't easily regrow, leading to scarring instead of proper healing. Brain neurons do not regenerate like skin or blood cells. Once these neurons are damaged or die, the body doesn't naturally replace them. Dr Almas Fatma, MBBS, Diploma in Family Medicine, PG in Digital Health, General Physician from Navi Mumbai, states, 'Cell regeneration isn't as straightforward as a complete body renewal every seven years. Some cells, like skin and blood cells, are replaced regularly, but critical cells in the heart and brain don't regenerate easily. This is why damage in these areas tends to be permanent, debunking the idea of a total body reset.' The liver is an organ with regenerative abilities, but even this process does not follow a simple timeline like the seven-year rule. The liver can regenerate to a significant extent, but its ability to do so depends on various factors such as the extent of injury or damage, genetic factors, and the overall health of the individual. Liver regeneration involves complex biological processes like cell division, signalling pathways, and tissue repair. Even though the liver can regenerate, this does not apply to the entire body's cells and tissues. The idea that you become a completely new person every seven years is misleading. Although many of the body's cells do regenerate, the rates of regeneration vary drastically. Additionally, the process of regeneration doesn't erase the effects of ageing or accumulated damage. Factors such as DNA mutations, environmental stress, and cellular damage contribute to ageing. This implies that parts of the human body degrade over time rather than being fully renewed. Some cells, like neurons, stay with us for life, disproving the claim of complete renewal. Dr Ubaid ur Rahman, General Physician, Holy Mission Clinic, New Delhi, says, 'The notion that the entire body renews itself every seven years is an oversimplification. It's true that some cells, like those in the skin, regenerate frequently. But others, such as brain and heart cells, regenerate very slowly or not at all. This helps explain why injuries to organs like the heart can have long-lasting consequences.' THIP Media Take: The claim that the body fully regenerates every seven years is false. Some cells regenerate, but the rates vary depending on the cell type. Plus, certain cells, such as brain neurons, do not regenerate at all. Therefore, the body does not undergo a complete renewal every seven years, and the accumulation of cellular damage over time plays a significant role in the ageing process.",False,False,
S009,MFCI-2210,"Pfizer has released a list of dangerous side effects of its COVID-19 vaccine, including: Blood thrombosis, Acute kidney injury, Acute flaccid myelitis, Positive antisperm antibodies, Brainstem embolism, Brainstem thrombosis, Cardiac arrest (hundreds of cases), Heart failure, Cardiac ventricular thrombosis, Cardiogenic shock, Central nervous system vasculitis, Neonatal death, Deep vein thrombosis, Brainstem encephalitis, Hemorrhagic encephalitis, Frontal lobe epilepsy, Foaming at the mouth, Epileptic psychosis, Facial paralysis, Fetal distress syndrome, Gastrointestinal amyloidosis, Generalized tonic-clonic seizure, Hashimoto's encephalopathy, Hepatic vascular thrombosis, Herpes zoster reactivation, Hepatitis Immune-mediated, Interstitial lung disease, Jugular vein embolism, Juvenile myoclonic epilepsy, Liver damage, Low birth weight, Multisystem inflammatory syndrome in children, Myocarditis, Neonatal seizure, Pancreatitis, Pneumonia, Stillbirth, Tachycardia, Temporal lobe epilepsy, Testicular autoimmunity, Thrombotic stroke, Type 1 diabetes mellitus, Neonatal venous thrombosis, Vertebral artery thrombosis, Pericarditis, Sudden death.","The fact-check article clarifies the critical distinction between 'side effects' and 'adverse events'. In 2022, Pfizer submitted a report of adverse events as part of its Biological License Application (BLA) to the U.S. FDA. The report compiled data from 63 countries, including the U.S., UK, Italy, Germany, and France, and contained nine pages of 'adverse events of special interest'. Pfizer clarified in the report that an accumulation of adverse event reports (AERs) does not necessarily imply causation — the reported events could be due to underlying diseases, patient history, or other medications. A side effect is a predictable reaction associated with a drug, treatment, or medical intervention, typically documented in drug information based on clinical trial observations, ranging from mild to severe. An adverse event (AE) is any unintended medical occurrence that arises during the use of a drug or treatment, regardless of a direct causal link — adverse events can be unexpected, serious, or potentially life-threatening. The claim mischaracterizes a regulatory filing of reported adverse events as a confirmed list of dangerous side effects, which is medically inaccurate. The overall safety profile of the Pfizer COVID-19 vaccine remains strong, with benefits outweighing risks.",False,False,
S087,MFCI-2627,"A Facebook video showing a person performing CPR on an unconscious individual, claiming it demonstrates the correct lifesaving procedure for heart attack emergencies","What is CPR? Cardiopulmonary resuscitation (CPR) is a procedure to restart a heart that has stopped beating. This condition is called cardiac arrest as the heart's electrical system stops sending signals for the heart to beat. Heartbeat can also stop in case of a heart attack. During a heart attack, blood flow to the heart gets significantly reduced due to a blocked artery. In the case of a heart attack, CPR is no use as long as the person having a heart attack is alert and breathing. Also, CPR does not work on all unconscious people with a heart attack. Is the method shown in video correct? No. We referred to the CPR steps provided by the American Red Cross Training Services and found that the person in the Facebook video is performing the wrong CPR. The fingers while giving chest compressions must be interlocked. Also, the body posture of the unconscious person must remain straight, which was not followed in the video as the unconscious individual's neck was tilting throughout the video. Also, the process does not require a handkerchief to give breaths, as shown in the video. The video also does not talk about compressions to ventilations ratio. After performing 30 chest compressions, two rescue breaths must be administered mouth to mouth, mouth to mask or through stoma, as appropriate. For children and infants, if two rescuers are performing CPR, this ratio changes to 15:2. No. Most social media videos do not give the correct picture of the process. From the Facebook video, it is evident that CPR must be given only by experienced healthcare professionals. A layman should only watch the video to understand the basic steps involved in giving CPR as well as when and why CPR should be done. Mere watching social media videos will never provide hands-on experience, which is essential to follow the correct procedure. The same has been confirmed by a research published in 2022 that informs no video presents 100% compliance with the American Heart Association guidelines. Also, there is no method to supervise and control health-related contents that allow people to post mistaken videos, which are used as learning material by many people. Doing CPR is not as easy as it looks in videos. Regular practice of CPR gives an idea of strength and ability to continue doing CPR along with an understanding of the depth needed for each chest compression. Good CPR requires an in-person class with mannequins which is monitored by a good instructor.",False,False,
S184,MFCI-2421,Spiny Gourd or Kantola is the most powerful vegetable in Ayurveda and is 50 times more powerful and protein-rich than beef or chicken.,"Kantola, also known as Spiny Gourd or Momordica dioica, holds a place of value in Ayurvedic tradition for various health benefits. But claiming it is the 'most powerful' is an oversimplification. Ayurveda recognises the medicinal properties of a wide range of plants and vegetables, with their 'power' or efficacy depending on individual constitution (Dosha), the specific health issue being addressed, and how they are prepared and consumed. Different vegetables are prized for different properties. For instance, bitter gourd (Karela) can help in blood sugar regulation properties, while Ashwagandha acts as an adaptogen. Singling out one vegetable as universally 'most powerful' doesn't align with the holistic and context-dependent nature of Ayurvedic principles. Dr Muskan Thakur, BAMS, Ayurveda Consultant from Indore says, 'Kantola, or spine gourd, is indeed valued in Ayurveda for its lightness and ability to support digestion, especially during the monsoon season. But calling it the 'most powerful' vegetable is an exaggeration. Ayurveda does not rank foods in that way. Every vegetable has its own role based on season, body type, and balance of doshas. Kantola is good, but it's not a miracle food. A balanced diet, including a variety of seasonal vegetables, is always more important than focusing on one item alone.'

The idea of a vegetable being '50 times more powerful' than meat is not a concept usually used in nutritional science. 'Power' in terms of food is usually related to its energy density (calories) or the concentration of specific nutrients and beneficial compounds it provides. While kantola is undoubtedly nutritious, containing vitamins, minerals, and antioxidants, comparing its overall 'power' at a 50-fold magnitude against complex foods like beef or chicken is not scientifically meaningful or accurate. Meat provides a dense source of complete proteins, iron, zinc, and B vitamins, which are essential for bodily functions. Vegetables offer different, yet equally vital, nutrients like fibre, certain vitamins (like Vitamin C), and unique phytochemicals. They serve different but complementary roles in a balanced diet.

This specific part of the claim is demonstrably false based on standard nutritional composition data. Protein content is a well-defined nutritional metric that can be measured and compared accurately. Lean beef and chicken breast are widely recognised as excellent sources of high-quality protein. 100 grams of cooked chicken can give you around 25 grams of protein, while the same amount of kantola offers less than 2 grams. Comparing these figures, 30 grams of protein (from meat) is clearly not 50 times less than 2-3 grams (from kantola). In reality, beef or chicken provides significantly more protein per 100 grams than kantola. The claim reverses and massively exaggerates the actual protein content comparison between these foods. Dr Swati Dave, PhD in Food and Nutrition says, 'No, kantola is not 50 times richer in protein than beef or chicken. In fact, vegetables like kantola contain very little protein when compared to animal sources. Even though kantola is healthy and has its own benefits, like being low in calories and high in fibre, it cannot replace meat when it comes to protein content.'",False,False,
S127,MFCI-2649,"According to an Instagram post, the COVID-19 pandemic was intentionally engineered or grossly exaggerated as a pretext for a conspiracy involving governments, major pharmaceutical companies (such as Pfizer and Moderna), large financial institutions (such as BlackRock and Vanguard), and global health organisations (such as the WHO). The primary goals were allegedly to transfer trillions in wealth to elites and establish greater control over the global population.","The fact check examined multiple aspects of the claim: 1) Was the COVID-19 virus engineered based on pre-existing patents? No, this is false. The overwhelming scientific consensus, supported by extensive genomic analysis, indicates that SARS-CoV-2, the virus causing COVID-19, originated naturally, most likely through zoonotic spillover (transfer from animals to humans). Scientists have studied coronaviruses for decades, leading to patents on related viruses or vaccine technologies. However, there is no credible evidence that SARS-CoV-2 itself was engineered or patented before the outbreak. Claims of '200+ pre-pandemic patents' proving engineering are vague, unsubstantiated, and misrepresent the nature of scientific patenting. 2) Did Moderna patent mRNA vaccines to prepare for COVID-19? No. Moderna filed patents related to mRNA technology years before COVID-19, but that's common in research and not proof of a conspiracy. The company was founded in 2010 to explore mRNA as a new platform for various diseases. Patents filed in 2015 were part of general research, not specific to SARS-CoV-2. mRNA vaccine research has been ongoing for decades. Scientists began developing COVID-specific vaccines only after the virus was identified in early 2020. 3) Was the pandemic response primarily a $100 trillion wealth transfer driven by Big Pharma and finance? No, this is misleading. It is true that pharmaceutical companies like Pfizer and Moderna saw substantial revenues from their COVID-19 vaccines and treatments. The pandemic also caused massive economic disruption globally, worsening wealth inequality and benefiting certain sectors. However, characterising this complex situation solely as a planned '$100 trillion wealth transfer' orchestrated by specific entities is a significant distortion. The '$100 trillion' figure appears vastly inflated and lacks credible sourcing. Governments worldwide spent trillions, but largely on public health responses, economic support programmes (like furlough schemes), and aid to mitigate the pandemic's devastating impact, not simply funnelling money to corporations. Large investment firms like BlackRock and Vanguard do hold shares in pharmaceutical companies, as they do in many other sectors. They manage assets on behalf of clients. Claiming they 'seized control' of the pandemic response is misleading. 4) Were pandemic policies like lockdowns designed solely for control? No, this is incorrect. Public health measures such as lockdowns, mask mandates, and social distancing were implemented worldwide based on scientific advice available at the time. Their main goal was to slow the spread of a new and dangerous virus. They aimed to prevent healthcare systems from being overwhelmed. Another key aim was to reduce deaths. These steps also helped buy time to develop treatments and vaccines. While the necessity, effectiveness, and socio-economic costs of specific measures remain subjects of legitimate debate and research, attributing them purely to a desire for authoritarian 'control' dismisses the genuine public health emergency faced globally. 5) Did NIH funding and DARPA's mRNA interest indicate a link to bioweapons? No, this is false. It's documented that the US National Institutes of Health (NIH) has funded virology research globally, including collaborations in Wuhan studying coronaviruses. This is standard practice to understand and prepare for potential infectious disease threats. The term 'gain-of-function' research is often misused. While some NIH-funded research involved modifying viruses, there is no credible evidence linking this funding directly to the creation or release of SARS-CoV-2. Similarly, DARPA explored mRNA technology in the context of rapid vaccine development and medical countermeasures for pandemic preparedness – a defensive, not offensive application. Linking these research streams to suggest a bioweapon conspiracy is speculative and not supported by available evidence. THIP Media Take: The claim that COVID-19 was a planned wealth transfer, not a real pandemic is false. It mixes unrelated facts, stretches timelines, and misrepresents the roles of scientific and public health institutions. While financial inequalities deepened during the pandemic, the virus and its impact were very real. COVID-19 killed millions, disrupted economies, and led to unprecedented public health challenges—not a pre-planned wealth grab.",Partly True,False,
S079,MFCI-0028,"Consuming a mixture of black pepper, nigella seeds, fenugreek seeds, and jamun seed powder on an empty stomach each morning can cure any type of diabetes, regardless of severity, within 3 weeks.","Diabetes is a chronic condition that occurs when the body cannot effectively manage blood glucose levels. Type 1 diabetes is an autoimmune condition where the body's immune system attacks insulin-producing cells in the pancreas, leading to an insulin deficiency. Type 2 diabetes, the more common form, is characterised by insulin resistance. Here, the body's cells do not respond properly to insulin, often combined with an eventual insulin deficiency. Both types need careful management, involving medication, lifestyle changes, and in the case of Type 1, insulin therapy. Diabetes is a long-term health issue, and diet and lifestyle changes can significantly improve management. But still, there is currently no cure for either Type 1 or Type 2 diabetes. Black pepper, nigella seeds, fenugreek seeds, and jamun seed powder have all been studied for their potential health benefits including their effects on blood sugar levels. However, this mixture cannot cure diabetes in 3 weeks. Diabetes is a complex and chronic condition that requires long-term management. The claim that this mixture can cure diabetes overlooks the need for a comprehensive approach, including medication, lifestyle changes, and regular monitoring. Currently, no cure exists for Type 1 diabetes, and while Type 2 diabetes can often be managed with lifestyle adjustments and medication, it is still not curable. Relying on such claims can be dangerous, as it might lead people to neglect proven treatments, likely worsening their condition. Dietician Kamana Chauhan says, ""When it comes to diabetes, there's no magic bullet, despite what some claims might suggest. As a dietician, I've seen how easy it is to get caught up in the promise of quick fixes, but managing diabetes is a marathon, not a sprint. Ingredients like fenugreek and jamun seed powder can support blood sugar control, but they aren't a cure-all. True diabetes management requires a thoughtful balance of medical care, healthy eating, and regular exercise. Always have a discussion with your dietician or doctor before changing your routine – it's about finding what works best for you."" Dr Swati Dave, PhD in Food and Nutrition, states, ""Dealing with diabetes can be tough, and it's natural to look for easy solutions. But, I want to make it clear that no food or mixture can cure diabetes. Ingredients like fenugreek and jamun seed powder might help keep blood sugar in check, but they can't take the place of the treatments your doctor recommends. Managing diabetes well means sticking to your medication, eating a balanced diet, and staying active. Before trying anything new, it's always best to check in with your dietician or physician."" Following unverified health advice poses several risks. Discontinuing prescribed diabetes medication or altering a treatment plan without consulting a healthcare provider can lead to uncontrolled blood sugar levels, increasing risk of serious complications such as heart disease, nerve damage, and kidney problems. While the ingredients in this mixture are generally safe in moderation, they can interact with medications or cause side effects. For instance, fenugreek can cause digestive issues, and jamun seeds might lower blood sugar levels excessively if combined with other anti-diabetic medications.",False,False,
S174,MFCI-1979,Eating flaxseeds can enhance breast size by boosting oestrogen levels,"Does flaxseed increase breast size? No, flaxseed does not increase breast size. While flaxseeds are often associated with hormonal health due to their lignan content (plant compounds with weak estrogen-like effects), they cannot increase breast size. These compounds, known as phytoestrogens, mimic estrogen in a very mild way, but their impact is far too small to cause noticeable changes in breast tissue. A case study was studied in 2020 when a 70-year-old male with hyperlipidaemia began consuming a tablespoon of flaxseed oil daily. After three months, he experienced swelling and pain in his left breast. An ultrasound detected a tumour in the left mammary gland, but a biopsy confirmed gynecomastia, showing ductal hyperplasia without malignancy. The breast tissue was oestrogen receptor-positive, prompting a discussion about the potential impact of phytoestrogens. Flaxseeds are primarily valued for their high fibre, omega-3 fatty acids, and antioxidant content. Any hormonal effects they may have are more about supporting overall balance than creating dramatic physical changes. Additionally, the size of breasts depends on genetics, body weight, hormonal levels, and life stages, not the consumption of a particular food. Why do some people believe flaxseed increases breast size? Dr. Mohit Sandhu, BAMS, CAD, CAC, PGDAKS, Founder of the Association for Ayurvedic Palpative Pain Medicine, Gurgaon, says, 'The belief likely stems from misunderstandings about phytoestrogens.' Flaxseeds contain a type of phytoestrogen that can interact with oestrogen receptors in the body. This has led to the misconception that eating flaxseeds might mimic the effects of oestrogen and lead to breast enlargement. However, Studies have shown that phytoestrogens may help balance oestrogen levels—reducing its effects when levels are too high or slightly supporting them when they are low. This balancing act does not result in an increase in breast tissue growth. Are there foods that can naturally increase breast size? No single food can naturally increase breast size. Breast size is known by a combination of genetics, hormonal levels, and overall body fat composition. While a balanced diet can support hormonal health, no specific food, including flaxseeds, directly influences breast size. The idea of 'breast-enhancing foods' is often used as a marketing tactic and lacks scientific backing. Eating nutrient-rich foods like flaxseeds, soy, or nuts might improve overall health, but they won't cause noticeable growth in breast tissue. Dr. Kashyap Dakshini, a General Physician in Mumbai, explains, 'For years, various devices, diets, smoothies, creams, and lotions have been promoted as breast enhancement solutions. However, scientific research has shown that none of these methods, exercises, or quick fixes can actually enlarge the breasts. While exercises can strengthen and tone the muscles supporting the breasts, they do not significantly affect breast size.' Can flaxseed improve hormonal health without changing breast size? Dr Swati Dave, PhD in Food and Nutrition, explains, 'Yes, flaxseed can support hormonal health.' They may play a role in regulating hormones. They can help stabilise oestrogen levels, particularly in postmenopausal women. Additionally, the high fibre content in flaxseeds supports gut health, which is essential for efficient hormone metabolism. Regular consumption of flaxseeds can help manage hormonal imbalances, reduce inflammation, and support heart health, but these benefits do not translate into changes in breast size. What should you focus on for better breast health? Prioritise overall wellness, not myths about specific foods. Breast health is best supported by maintaining a balanced diet, engaging in regular physical activity, managing stress, and having routine medical check-ups. Foods like flaxseeds can be a part of healthy diet, but they cannot be magical solutions for breast size or appearance. Instead of chasing unproven remedies, focus on a nutrient-rich diet that includes a variety of whole grains, vegetables, fruits, lean proteins, and healthy fats. This approach supports overall health, including hormonal balance, which is far more important than altering physical features.",False,False,
S187,MFCI-0606,"In CANCER treatment, SODIUM BICARBONATE is the PERFECT MEDICINE.","No. There are lot of discussions on the effect of alkaline food and water on body including its ability to treat cancer. However, none has been proven medically. The blood maintains a stable pH of 7.4. This makes it slightly alkaline. Diet is not known to alter pH of the blood. The confusion arises from the fact that cancer cells alter the environment around them to make it acidic. This fact has given rise to multiple theories about alkaline treatments. However, there is no conclusive evidence of alkaline diet being able to change acidic environment around cancer cells. No. There is still no conclusive evidence regarding this. The theory arises from the fact that some cancer cells and tumours learn to thrive without oxygen – a common requirement of all cells in human body. Many researchers believe that flooding the body with extra oxygen will make the cancer cells die. So far, there is no medical evidence for this theory. A recent research evidence shows that giving high dosage of oxygen to a person triggers his immune system against tumours. However, the study was done on mice and oxygen was introduced through respiratory system. Though the study paves way for further research, it still doesn't prove a total cure for all types of cancer. We asked Dr. Sarthak Moharir, Radiation Oncologist whether excess oxygen in body kill cancer cells. To this, he said ""High pressure oxygen is used as a therapeutic agent to cure certain side effects of radiation. This is called Hyperbaric Oxygen therapy. But there is no proof that excess oxygen will kill cancer cells. On the contrary, inhaling pure oxygen can depress the respiratory centres of the brain to prevent normal functioning."" No. There is no evidence to suggest that baking soda or bicarbonate can cure cancer. There is some evidence that bicarbonate can slow down the growth of cancer cells. A research done in 2009 showed that when bicarbonate (baking soda) is directly injected into a mice, it reduced the pH of the tumour cells and inhibited the growth of metastatic breast cancer. This is not equal to a complete cure of cancer. At the end of research, researchers concluded, ""...the dramatic effect of bicarbonate therapy on the formation of breast cancer metastases in this model system warrants further investigation."" But this experiment has not yet been replicated on humans and is not an approved medical practice for cancer treatment. We asked Dr Moharir why this study was not replicated on humans. In response, he explained ""Injecting sodium bicarbonate in the body will cause serious side effects in the form of metabolic alkalosis. There is no proof that it kills cancer cells"". THIP Media Take: Cancer treatment is a highly researched area in medical science. However, so far, alkaline therapy, oxygen therapy or bicarbonate therapy have not been conclusively proven to be effective therapy.",False,False,
S113,MFCI-0968,"A Facebook post titled '4 powerful foods that help control blood pressure naturally' asserts that pomegranate, beetroot, black raisins, and flaxseeds (particularly in powdered form) are effective blood pressure-lowering foods that can reverse high blood pressure naturally.","High blood pressure (hypertension) is a prevalent medical condition where blood pressure against arterial walls remains persistently elevated. Often referred to as the 'silent killer,' hypertension is linked to both structural and functional alterations in blood vessels due to its early asymptomatic presentation. Undiagnosed moderately high blood pressure can shorten life expectancy by accelerating vascular damage and compromising organ perfusion. The WHO states that uncontrolled hypertension plays a major role in heart failure, myocardial infarction, stroke, and chronic renal disease, requiring evidence-based medication, lifestyle changes, and early intervention.

Research on flaxseeds shows potential benefits for lowering high blood pressure due to their high levels of dietary fibre, alpha-linolenic acid (ALA), and lignans, which have vascular-protective and anti-inflammatory attributes. Studies show flaxseed consumption may slightly decrease both systolic and diastolic blood pressures in some patients with hypertension by enhancing endothelial function, reducing arterial stiffness, and modifying lipid profiles. However, these effects are not universal and depend on dosage, duration, and individual health status.

CRITICAL: Flax seeds should NOT be considered as a substitute for evidence-based blood pressure medication. Hypertension is a multifaceted illness requiring all-encompassing care. Without medical supervision, relying on unproven home cures like flax seeds can be risky—it may delay timely intervention and contribute to the condition's gradual progression, resulting in serious complications.

Regarding regular consumption: While flax seeds can help enhance lipid profiles, support cardiovascular health, improve glycaemic control, and facilitate digestion, prolonged consumption in excess can cause bloating, diarrhoea, and gastrointestinal distress due to high fibre content. Due to phytoestrogenic qualities, people with hormone-sensitive conditions should use them cautiously. Those using prescribed blood thinners may experience interactions.

Diet cannot replace evidence-based medication. While diet is vital in managing cardiovascular conditions, hypertension requires a multimodal approach combining lifestyle and pharmaceutical therapy. The DASH (Dietary Approaches to Stop Hypertension) diet has demonstrated improvements in lowering blood pressure but is not sufficient for dropping blood pressure to healthy ranges alone. Medical practitioners recommend antihypertensive medications (ACE inhibitors, angiotensin receptor blockers, calcium channel blockers, thiazide diuretics, and beta-blockers) when lifestyle modifications are insufficient.

Dr. Almas Fatma advises the most effective ways to regulate blood pressure are: consume a nutritious diet, be physically active, limit salt intake, and manage stress. Doctors may also recommend medication in some situations to maintain blood pressure within acceptable limits.

Dr. Ubaid ur Rahman explains that lowering blood pressure takes time and requires both medical assistance and healthy lifestyle choices. Reducing alcohol consumption, quitting smoking, increasing physical activity, and consuming a diet high in fruits, vegetables, and low-fat foods are crucial support strategies. Even if some individuals require medication, lifestyle modifications are always the cornerstone of treatment.",Mostly False,Mostly False,
S063,MFCI-0876,Eating almonds reduces belly fat,"Belly fat is also called visceral fat. It is the fat around your belly organs like the liver, pancreas, and intestines. Belly fat is not the same as the fat under your skin. Having too much belly fat can cause health problems like heart disease, type 2 diabetes, and some cancers. Almonds can be a beneficial part of a healthy diet when consumed in moderation. They are rich in nutrients like vitamin E, fiber, and protein, and they can contribute to a feeling of fullness due to their protein and fiber content. Dr Sujata Chakravarti, Consultant-General Medicine, Hiranandani Hospital, Vashi-A Fortis Network Hospital, says, ""Almonds are healthy because they are high in protein and fats. Also, almonds provide small amounts of Iron, Calcium, Phosphorus, Vitamin A, B Complex, and E"". The combination of protein and fiber in almonds can enhance satiety, reducing hunger and potentially contributing to a sense of fullness. This may aid in managing overall calorie intake, and supporting weight management goals. A study further suggests that incorporating almonds into a balanced diet may assist in weight management due to their nutrient density and ability to promote satiety. However, it is crucial to note that this effect is not specifically targeted at reducing belly fat but rather contributes to overall weight control. Not exactly. Almonds are a nutritious food and can be part of a healthy diet. But claims of them directly reducing belly fat should be approached with caution. While they can play a role in overall health and weight management, relying solely on almonds for weight loss is not recommended. The concept of spot reduction, particularly targeting belly fat through the consumption of a specific food, lacks substantial evidence. Weight management and reduction of belly fat are multifaceted and require a holistic approach rather than relying on the effects of a single food item. Dt. Priyanka concludes, ""To successfully lose fat, it requires a comprehensive approach. Simply put, you must first identify the underlying causes of weight gain, such as inflammation, leaky gut, hormone imbalances, toxins, low metabolism, or the intake of medications such as steroids. Once you have determined the root cause, you can then make the necessary adjustments to your diet and lifestyle to effectively lose fat."" Almonds might not be helpful in reducing fat due to certain medical conditions. Excessive consumption can lead to an increase in calorie intake, potentially hindering weight management goals. According to the Harvard T.H. Chan School of Public Health, one ounce of almonds, which is equal to 20–24 whole almonds, contains about 165 calories. Over-consumption of almonds can be harmful and cause toxicity. As almonds are rich in fibre, overconsumption can lead to gastrointestinal issues, such as constipation (if not taken with enough water). It can also interfere with the absorption of other minerals, such as calcium, magnesium, etc. Other harmful effects include weight gain, Vitamin E overdose (rarely), cause kidney stones and rarely, can cause cyanide poisoning. Also, even though it is rare, few people also suffer from almond allergy. Dietician Kamna Chauhan states, ""Consuming anything in excess leads to the risk of diseases. Almonds are healthy nuts and have many health benefits, but it also has lots of side effects if eaten in large quantities. So before grabbing almonds from the jar, we should know how much to eat. Eating too many almonds leads to many side effects such as constipation and allergy, as almonds contain a protein called Amandine, which is an allergen. It can also make people gain weight"". Almond contain vitamin E and excess vitamin E interferes with blood coagulation to cause hemorrhage. Moreover, almonds also reduces nutrient absorption in the body, and can lead to kidney stones. Dr Swati Dave, Phd in Food and Nutrition adds, ""Weight loss misinformation on the internet is akin to a virus, spreading quick fixes and false claims through captivating video captions. Deceptive information often promises easy solutions, promoting unrealistic expectations. Such misleading content can lead individuals to adopt ineffective or even harmful practices, hindering their pursuit of sustainable and healthy weight loss."" Dietician Harita informs about common weight loss misinformation including: 1) You need to follow gluten free diet if you want to lose weight, 2) Cut off fat totally to get quick weight loss, 3) Fad diet is best for weight loss, 4) 7 days Mono diet can help to lose more fast, 5) Supplements can help you lose weight, 6) Carbs make you fat, 7) Eating breakfast is necessary to lose weight, 8) Go for high protein diet if want to lose fast, 9) Cut Out all sugar, 10) Artificial sweeteners are healthy, 11) Cut off with social life if you are on diet, 12) Lukewarm drinks for weight loss and many more.",Mostly False,Mostly False,
S158,MFCI-0304,"An Instagram video suggests that moringa seeds are highly effective in managing diabetes. It recommends that people eat three seeds during the day and three seeds at night. One can either crush or boil and strain, and then consume the drink on an empty stomach. It also refers to the moringa tree as the 'tree of life' due to its numerous health benefits.","There is scientific evidence supporting the use of moringa seeds for diabetes management, but it is essential to understand the context and limitations of this evidence. Moringa seeds cannot replace conventional diabetes treatments. A 2020 study says Moringa reduces blood glucose levels, but the evidence is not strong enough to recommend it as a primary treatment for diabetes. Moringa seeds help lower blood sugar levels and provide antioxidant benefits, making them a useful supplement for managing diabetes. However, the claim that the seeds are one of the best remedies for diabetes is an overstatement. They should be used alongside conventional treatments like medication, diet, and exercise. They are not a cure and should not replace prescribed diabetes management plans. Always consult with healthcare professionals before making changes to your regimen, especially when you are diabetic. Dr Ayush Chandra, Consultant Diabetologist and Founder of Nivaran Health, Delhi NCR, states, 'Moringa, also known as drumsticks, is thought to help reduce fasting blood sugar levels, enhance insulin sensitivity, and lower glycemic response. However, it should only be used as a supplement. The main treatments for diabetes include medication, dietary changes, lifestyle adjustments, and glucose monitoring. Be aware of potential side effects and consult a doctor about drug interactions, stomach issues, allergies, liver problems, and pregnancy-related concerns.' Dr Swati Dave, PhD Food and Nutrition, says, 'Moringa leaves and pods show potential in managing diabetes by lowering blood sugar levels and providing antioxidant benefits. It is important to ensure the seeds' quality and consult with a doctor to confirm the appropriate quantity for use. However, studies on humans are still inconclusive, and we need more research to confirm their effectiveness. It's also necessary to use moringa seeds as a supplement to conventional treatments, not a replacement. Always consult your physician before adding moringa seeds to your diabetes management plan to ensure safety and proper use.' During our research we found a detailed scientific review from 2019. The review investigates moringa oleifera (MO) as an antidiabetic agent, summarising animal and human studies on its effects on glycaemia and insulin. Animal studies show significant reductions in blood glucose across various MO extracts, though we need more long-term studies. Human studies yield mixed results, with significant glycaemia reduction in only two out of six studies. We still need standardised methodologies and further research into moringa's effects on insulin and other glucose metabolism parameters. Moringa extract is generally safe, but taste acceptability and comparative efficacy of different tree parts require more investigation. Moringa seeds are generally safe for most people, but there are some potential side effects and allergy risks to be aware of. If you're considering moringa seeds for diabetes management, start with small amounts and gradually increase if no side effects occur. Use them to supplement a balanced diet, regular exercise, and prescribed medications—not as a substitute. Regularly monitor your blood sugar levels and adjust your intake as needed, keeping your healthcare provider updated. Ensure the seeds are of good quality and confirm the right dosage with a diabetologist. Moringa seeds show potential in helping manage diabetes due to their hypoglycemic and antioxidant properties. However, calling them the 'best remedy' is an overstatement. They can be a helpful addition to a comprehensive diabetes management plan but should not replace conventional treatments. The claim that moringa seeds are one of the best remedies for diabetes is mostly false due to the lack of conclusive evidence. Their benefits are real but should be integrated into a broader, medically-supervised treatment strategy.",Partly True,Mostly False,
S195,MFCI-1648,Russian President Vladimir Putin has ordered the destruction of all COVID vaccines in Russia,"Not exactly. No published evidence confirms that Putin has made such an order. We found no press release or any other official document on the Russian government or state-owned TASS news agency. We even researched more about the website Realrawnews.com on which the article was published. The 'About us' section of this website mentions 'Information on this website is for informational and educational and entertainment purposes. This website contains humor, parody, and satire'. On the contrary, the available evidence only suggests that Russia continues to recommend Covid-19 vaccination. A false social media post also says that Germany has halted the administration of all covid vaccines.",Mostly False,Mostly False,
S018,MFCI-2502,"A video on Instagram by the name lizardpeopleruntheworld made visual claims in their video by showing the ingredient list in a water bottle that contains sodium bicarbonate and a snap of google which contains side effects of sodium bi carbonate. The video then showed the results of a Google search, suggesting that consuming this sodium bicarbonate could have severe side effects.","What is sodium bicarbonate? Sodium bicarbonate, or baking soda, is a white, crystalline powder used in many industrial and household applications. It contains sodium and bicarbonate ions. They are highly valued for its use as an antacid to relieve dyspepsia, and a leavening agent in baking. They also works well for cleaning and deodorising because of its alkaline characteristics. It can be used as medicine to reduce heartburn and neutralise stomach acid. Sodium bicarbonate is used in many different ways throughout daily life. Why is sodium bicarbonate used in bottled water? Sodium bicarbonate is sometimes added to bottled water to adjust its pH level and enhance taste. It can help neutralise acidity, making the water alkaline and potentially more palatable. Additionally, it may serve as a buffering agent, helping to stabilise the pH of the water and prevent acidity. However, its use in bottled water can vary depending on the brand and intended market. Some companies may use sodium bicarbonate as a way to differentiate their product or provide perceived health benefits, although its impact on health in water is minimal. How much sodium bicarbonate is used in bottled water? The amount of baking soda used in bottled water depends on factors such as the brand, pH level, and regional regulations. Typically, it's added in small quantities to adjust the pH and taste of the water. Concentrations may range from low levels, such as a few milligrams per litre, up to around 100 milligrams per litre. However, it's important to note that specific amounts can vary among brands and types of bottled water, so consumers may want to check product labels. Upon asking Dr Shalin Nagori, Consultant Pathologist and Industrial Physician shared with us, ""Sodium bicarbonate or baking soda found in bottled water is typically safe in moderation. Yet, overindulgence could result in health complications like elevated blood pressure or fluid retention."" Dietitian Dr. Swati Dave mentioned that, ""Sodium bicarbonate is added to extend the shelf life of bottle water. Therefore, it's typically used within safe limits by reputable brands. However, consuming it excessively over a prolonged period may result in general symptoms of sickness such as nausea and vomiting."" What are the side effects of sodium bicarbonate? While sodium bicarbonate is generally safe when used in appropriate doses, excessive consumption or misuse can lead to several side effects. These may include: (linked to NCBI resource on excessive consumption). It's essential to use baking soda as directed and avoid excessive intake to minimise the risk of side effects. Individuals with underlying health conditions or those taking medications should consult a healthcare professional before using sodium bicarbonate supplements. The decision to consume baking soda ultimately rests with the individual. If someone believes or if they are sensitive to sodium bicarbonate, they can opt for bottled water that does not contain this compound. By choosing water products without it, individuals can mitigate potential concerns and select options that align with their preferences and health considerations.",Mostly False,Mostly False,
S147,MFCI-1110,A widely shared Facebook post captioned 'Stone Breaker plant' advertises a herbal remedy for kidney stones prepared by boiling Bhumi Amla leaves.,"Bhumi Amla, botanically identified as Phyllanthus niruri and commonly referred to as 'stone breaker', is a frequently used folk remedy for kidney stones. This could be explained by its diuretic and antilithic (anti-stone) characteristics, which may reduce the crystallisation of stone fragments in the urinary system and promote their passage and dissolution. Furthermore, the botanical extract may help remove stones after lithotripsy, prevent calcium oxalate crystals from aggregating, slightly reduce the size and amount of stones, and improve various urine metabolic parameters without exhibiting a major negative impact. However, Bhumi Amla lacks large-scale randomised controlled trials to establish it as a primary therapeutic intervention for kidney stones. Moreover, unlike the clinically validated options, the at-home preparation lacks standardisation in terms of dosage, safety, and efficiency. Consultant Nephrologist Dr. Bhanu Mishra of Delhi's BLK Max Hospital concurs, pointing out that not all stone types can be dissolved by the combination mentioned above. Even though consuming calcium and drinking enough water may help prevent kidney stones from forming, the notion that an at-home formulation could effectively dissolve and eliminate existing kidney stones is inaccurate. Even while Bhumi Amla tea may be used as an adjunct to lifestyle measures and medical therapy, one should not depend on it alone for handling renal calculi without medical assessment and appropriate conventional care. Dr. Sharad Malhotra, Head of Hepatology, Gastroenterology, and Therapeutic Endoscopy at Aakash Healthcare in New Delhi, discourages persistent consumption of generic home remedies for kidney stones, noting that there is insufficient scientific evidence to support the use of these unregulated therapies as a substitute for conventional medical care for renal calculi. Dr. Archana Daftardar, a Consultant Nephrologist, Hypertension specialist, and Transplant physician at Renova Hospitals in Kompally, Hyderabad, highlights that there are several misconceptions about kidney stone prevention and treatment and that alternative therapies that haven't been tested could make the condition worse rather than better.",Mostly False,Mostly False,
S002,MFCI-0092,"A Facebook post promotes an ""Under Eye Goat Milk Serum,"" claiming it can brighten the under-eye area, reduce dark circles, smooth fine lines, and eliminate puffiness. The product contains goat milk, vitamin E, and sweet almond oil.","Are the listed ingredients sufficient to achieve the claimed results? No, they are not. While goat milk, vitamin E, and sweet almond oil help with skin hydration and overall skin health, they are not miracle cures. Claims that they can completely remove dark circles, bags, and puffiness are exaggerated. These ingredients do not have strong clinical backing for treating persistent under-eye concerns. Additionally, a 2022 study warns that using goat milk skincare products may increase the risk of developing a goat milk allergy. Can goat milk effectively reduce dark circles? Not really. While goat milk contains lactic acid, which can gently exfoliate and brighten the skin, there's limited strong scientific evidence that it directly eliminates dark circles. A 2025 study highlights goat milk's antimicrobial and anti-inflammatory properties, suggesting potential benefits for skin conditions like eczema and psoriasis. However, there's no direct evidence that it reduces dark circles, puffiness, or under-eye bags. Dark circles can have various causes, including genetics, allergies, or lifestyle factors. Goat milk may offer slight brightening, but it won't fix persistent dark circles. Lactic acid, an Alpha Hydroxy Acid (AHA), helps improve skin texture, but its effect on dark circles isn't well-studied. A 2019 study found that a 30% lactic acid peel improved dark circles better than a 20% glycolic acid peel. However, goat milk contains 1% or less lactic acid—far lower than the study's concentration. It may help with mild cases but isn't strong enough for chronic or genetic dark circles. Dr Ekansh Shekhar, Dermatologist, Cosmetologist, Trichologist, and Aesthetic Medicine Consultant in Lucknow, says: ""Goat milk has hydrating and gentle exfoliating properties, but there's no strong evidence that it effectively reduces dark circles. The lactic acid in goat milk is much weaker than what's used in professional treatments, like chemical peels, which have shown better results. While it may provide slight brightening, it's unlikely to address persistent or genetically caused dark circles."" Does goat milk hydrate and smooth fine lines under the eyes? Yes, partially. Goat milk is rich in fatty acids and proteins, which can moisturise the skin and potentially reduce the appearance of fine lines. Sweet almond oil also contributes to hydration. Vitamin E is a known antioxidant that can support skin health. Therefore, these ingredients may provide a temporary plumping effect, reducing the visibility of fine lines due to dryness. However, it will not reverse skin ageing. Can goat milk soothe under-eye puffiness? Maybe. Goat milk's anti-inflammatory properties might offer some relief from mild puffiness. However, significant puffiness often results from fluid retention, allergies, or other medical conditions. While the serum might provide a soothing sensation, it is unlikely to resolve underlying causes. Can topical application of goat milk reverse skin ageing? No, it cannot. While goat milk can hydrate, exfoliate, and provide some nutrients, it cannot reverse the natural ageing process. Ageing is a complex biological process which depends on genetics, environmental factors, and cellular changes. Topical applications can improve skin appearance, but they cannot stop or reverse ageing. Dr Rashi Soni, Dermatologist and Co-founder of Rashi Hospital in Mumbai, shares: ""Dark circles can be improved but not always completely erased, especially if genetics are involved. Thinner skin, visible blood vessels, or excess pigmentation can make them more noticeable. Using skincare products with ingredients like retinol, vitamin C, hyaluronic acid, or caffeine can help improve skin texture and lighten pigmentation over time. Simple habits like getting enough sleep, staying hydrated, and wearing sunscreen also play an important role in maintaining healthy skin. For more noticeable results, dermatological treatments like fillers, laser therapy, or chemical peels can address deeper causes such as volume loss or pigmentation, making dark circles less visible."" THIP Media Take: The claim that goat milk serum can remove dark circles and brighten under-eyes is mostly false. The claim that a goat milk under-eye serum can ""get rid of"" dark circles, under-eye bags, and puffiness is misleading. While the ingredients offer hydrating and soothing properties, they are not a solution for all under-eye concerns. The serum might provide temporary improvements in skin texture and brightness, but it cannot deliver the dramatic results advertised. The claim overstates the benefits of goat milk and its associated ingredients, creating unrealistic expectations.",Mostly False,Mostly False,
S077,MFCI-1699,PSA: Antibiotics will cancel out your birth control and your doctor will **** forget to tell you that,"Birth control pills generally contain the two hormones estrogen and progesterone that helps block the release of eggs from the ovary, or ovulation. Not exactly. Only one specific antibiotic, Rifampin, is known to interact with birth control pills. A detailed literature review of all researches done from 1975 to 1998 regarding this matter showed, 'Rifampin is the only antibiotic that has been reported to reduce plasma estrogen concentrations.' Researchers concluded, 'Oral contraceptives cannot be relied upon for birth control while taking rifampin.' Rifampin is an antibiotic that is most commonly used to treat the symptoms of Tuberculosis along with other medicines. It is also sometimes used to treat people who have Neisseria meningitidis. It works by killing the bacteria that cause infection.",Mostly False,Mostly False,
S060,MFCI-1078,Drinking hot water can thin the blood naturally and be beneficial for high cholesterol levels.,"Blood thinners work by interfering with the clotting ability of the blood. They can be of two main types: anticoagulants and antiplatelet drugs. Anticoagulants, such as warfarin and heparin, reduce the action of clotting factors, which are proteins in the blood that control bleeding. Antiplatelet drugs, like aspirin and clopidogrel, prevent platelets (a type of blood cell) from clumping together to form clots. Both types of blood thinners help prevent the formation of dangerous clots that can lead to conditions like heart attacks, strokes, and deep vein thrombosis.

No, hot water cannot act as a natural blood thinner. There is no scientific evidence to support the idea that drinking hot water can thin the blood. Blood thinners, medically known as anticoagulants, are substances that help prevent blood clots. Common blood thinners include medications like warfarin, heparin, and newer anticoagulants like rivaroxaban. These medications work by interfering with the blood's clotting mechanisms.

Hot water does not contain any active ingredients that can influence blood viscosity or clotting factors. Staying hydrated is essential for overall health, but water temperature does not have a specific impact on blood thickness. Drinking too much water can dilute the proteins and electrolytes in your blood, but it won't thin your blood or prevent clot formation. Overhydration can lead to hyponatremia, a condition where the body lacks enough sodium, which is different from affecting blood clotting.

Dr Ashok Kumar Boss, Senior Cardiologist at HDNA Aarogyam Hospital, Patna, shares his expertise, ""There is no evidence that hot water acts as a natural blood thinner. Of course hot water causes vasodilation, i.e., dilation of blood vessels. This may help delay the clotting process causing more bleeding, just opposite to cold ice packs which causes vasoconstriction i.e., constriction of blood vessels, and less bleeding.""

When we asked Dr Debasish Mohapatra, Associate Consultant at BM Birla Heart Research Centre in Kolkata, if water can act as a blood thinner, he said, ""Water cannot replace prescription blood thinners like warfarin. It does not have anticoagulant properties, but staying hydrated is beneficial. However, too much water can worsen symptoms in heart failure patients. Blood thinners are necessary to prevent serious conditions like heart attacks, strokes, and blockages.""

Managing high cholesterol involves a balanced diet, regular exercise, and sometimes medications like statins. The temperature of the water you drink does not affect cholesterol levels. Although some claims suggest hot water can improve digestion and cholesterol levels, there is no scientific evidence to support this. Proper hydration is beneficial, but water temperature is irrelevant for cholesterol management.

Blood clots form when platelets and proteins in your blood work together to stop bleeding, and medications prevent or treat clots by inhibiting stages of this process. Drinking hot water does not affect blood clot formation or prevention. People at risk should follow their doctor's advice. These usually include prescribed drugs, regular exercise, and avoiding prolonged sitting. People should also keep in mind that excess water intake can, in fact, worsen heart failure symptoms. It cannot replace prescription blood thinners. Therefore, anticoagulant drugs are important to prevent heart attacks, strokes, and blockages.

Hot water can not thin the blood or reduce cholesterol. But, it can provide some general health benefits, such as soothing a sore throat and helping in digestion.

Drinking hot water is generally safe, but it's essential to ensure the water is not too hot to avoid burns or scalds. Extremely hot water can damage the tissues in your mouth and oesophagus, leading to burns. Research suggests that the correct temperature is in the range of 54.4-71.1°C or 130-160°F.

Proper hydration is important for maintaining blood volume and viscosity. Dehydration can lead to thicker blood, increasing the risk of blood clots. Drinking enough water daily helps maintain an optimal balance of electrolytes and blood plasma, promoting smooth blood flow and reducing the strain on the heart. According to guidelines from the National Academies of Sciences, Engineering, and Medicine, men aged 19 and above are advised to consume approximately 3.7 litres (or about 15.5 cups) of water daily, while women in the same age group should aim for around 2.7 litres (equivalent to roughly 11.5 cups) per day.",False,Mostly False,
S012,MFCI-0634,"According to a Facebook video, bee venom therapy (BVT) can provide significant relief for back pain and can even cure the same. Supporters of BVT suggest that it can relieve back pain by reducing inflammation and promoting healing through the active compounds in the venom.","No, bee venom therapy cannot cure back pain. Even though some studies suggest that bee venom acupuncture (BVA) may reduce pain and inflammation, the evidence is scarce and inconclusive. Small trials have shown slight improvements in symptoms when combined with conventional treatments, but these findings aren't strong enough to support bee venom as a reliable treatment. Back pain occurs due to various causes like muscle strains or disc issues, which bee venom does not directly address. Also, it is important to note that bee venom comes with a significant risk of allergic reactions. As a result, healthcare providers do not recommend it as a cure for back pain. A 2017 study found that bee venom acupuncture (BVA), combined with standard pain medication, significantly improved chronic low back pain symptoms, such as pain intensity and mobility, compared to a placebo. The study involved 54 patients over three weeks, with minimal side effects reported. However, the small sample size makes it difficult to generalise the results to larger or more diverse populations. In 2022, a review of 64 Korean studies involving 1,297 patients looked at BVA for lower back pain, particularly for herniated discs. Most studies showed positive effects, but language bias was noted, as Korean studies are often excluded from global research. This highlights the need for standardisation of BVA treatments. Similarly, a 2008 review analysed 11 clinical trials on BVA for musculoskeletal pain. While the meta-analysis showed a significant reduction in pain when BVA was combined with acupuncture, the small sample size meant the results were not conclusive. The review called for larger, more controlled studies to validate these findings. We spoke with Senior Physiotherapist Upma Lal, for her expert take on bee venom therapy for pain relief. She says, ""Bee venom therapy can be intriguing, but it's important to know that it cannot cure back pain. Back pain often comes from various issues, like muscle strains or problems with the spine, which require specific treatments. Some studies suggest that bee venom might help reduce pain, but the research is still limited. I encourage you to speak with a healthcare professional to explore proven treatment options that best suit your situation."" Similar to this, there are viral posts which claim that bee venom can kill breast cancer cells within 30 minutes. While the research is going on and shows promise, it still hasn't been proven. Regarding anti-inflammatory properties: Yes, but its effect on back pain is unproven. Bee venom contains melittin, a substance known for its anti-inflammatory properties. Although lab studies show melittin can reduce inflammation, this doesn't mean bee venom therapy can effectively treat back pain. Inflammation is a factor in some types of back pain, but many back problems stem from structural issues that inflammation alone doesn't resolve. The evidence supporting bee venom for back pain is weak, and the risks outweigh the potential benefits. Regarding side effects: Bee venom therapy has several potential side effects, some of which can be serious. The most common side effects include pain, swelling, and redness at the site of the sting or injection. More serious risks include allergic reactions. Regarding medical endorsement: No, it is not endorsed by medical professionals. No major health organisations recommend bee venom therapy for back pain. Healthcare professionals consider scientifically proven medical treatments, such as physiotherapy, medication, or surgery for more severe cases, as the standard care for back pain. We still do not have the necessary clinical testing on bee venom therapy to deem it effective or safe for this use. Physiotherapist Prachi Bharwani explains, ""I understand that many people are curious about bee venom therapy for back pain, but it's not something that medical professionals generally recommend. The research on its effectiveness is quite minimal and inconclusive, and there are important safety concerns, particularly with the risk of allergic reactions. As a physiotherapist, I always encourage my patients to explore established treatments, like physical therapy or any ancient healing therapy like cupping, etc., which are both safer and more effective for managing back pain. These options are not only safer but also more effective for managing back pain."" THIP Media Take: Bee venom therapy is not a reliable or safe treatment approach for back pain as of now. Though it contains compounds like melittin that may reduce inflammation, its effectiveness for treating back pain is unproven, and the risks are significant. We advice prioritising evidence-based treatments like physiotherapy or medication. Always consult a healthcare professional before trying alternative treatments like bee venom therapy.",Mostly False,Mostly False,
S159,MFCI-1006,"According to an Instagram post, you can get rid of head lice in just one use. The video suggests that using a mixture of ginger (adrak) and lemon juice with shampoo is a 100% guaranteed home remedy that can remove all head lice in just one use, leaving the hair as if lice were never present.","There is no strong scientific evidence to support the claim. While ginger and lemon juice have some health benefits, their effectiveness against head lice has not been proven in clinical studies. A 2024 lab study tested 6-gingerol (from ginger) and Cymbopogon citratus (lemongrass) on adult head lice. The study found that both compounds killed adult lice by disrupting their enzymes and causing physical damage. However, the study did not examine their effects on lice eggs. Similarly, a 2018 lab study investigated essential oils from white turmeric (Curcuma zedoaria, a member of the ginger family but not ginger itself) and eucalyptus to stop lice eggs from hatching. This study used specific concentrations of oils (10% Curcuma zedoaria and 10% eucalyptus), not random amounts like a few drops of ginger juice. The results showed that this combination of oils prevented the eggs from hatching, but once again, it was tested under controlled lab conditions, not on humans. A 2010 study tested lemon juice (Citrus limon) against head lice in a lab setting. The study found that undiluted lemon juice and half-diluted lemon juice killed 95% and 90% of adult lice, respectively, after three hours. This suggests that lemon juice may have some effect on lice, but further testing on humans is needed to confirm its effectiveness. In contrast, standard medical treatments involve specifically formulated lice-killing medications (pediculicides) and the careful removal of lice eggs (nits), both of which have been proven to be effective in real-world situations. Similarly, claims that a mixture of garlic, lemon juice, and mustard oil can permanently cure lice in just one use also lack scientific backing and are unlikely to provide the desired results. Even clinically proven treatments for head lice often require more than one application, spaced several days apart, to kill both live lice and newly hatched nymphs. Nits are notoriously difficult to remove and often require manual combing with a fine-toothed comb. A single wash with a homemade remedy is unlikely to eradicate all lice and nits effectively. Additionally, re-infestation is possible if proper precautions, like washing bedding and avoiding head-to-head contact with infested individuals, are not followed. The idea that one treatment can make it seem as though lice were 'never there' is therefore misleading. Even though both ginger and lemon have some beneficial properties, their undiluted or improperly used application on the scalp could cause irritation, dryness, or even chemical burns in sensitive individuals. Lemon juice is acidic and can be harsh on the skin, while concentrated ginger extracts can also be irritating. Without proper formulation and testing, the safety of such a homemade remedy is uncertain. Dr Ekansh Shekhar, Dermatologist, Cosmetologist, Trichologist, and Aesthetic Medicine Consultant in Lucknow, explains, 'While ingredients like ginger and lemon juice may show some effects in lab studies, they are not a reliable, one-time solution for head lice. Clinically proven pediculicides remain the most effective and recommended treatment. It's crucial to consult a dermatologist for proper diagnosis and treatment to avoid prolonged infestations and complications.' Dr Rashi Soni, Dermatologist and Co-founder of Rashi Hospital in Mumbai, says, 'The most effective treatments for head lice are scientifically proven pediculicides. These are specially formulated medications to kill lice and sometimes their eggs. These treatments include over-the-counter options like permethrin or pyrethrin, as well as prescription medications such as malathion, spinosad, or ivermectin. It's important to follow the product instructions carefully for the best results. In addition to treatment, thorough nit combing and cleaning bedding and clothing are crucial steps to prevent re-infestation. For a personalised approach, it's always best to consult with a dermatologist or healthcare provider.'",Mostly False,Mostly False,
S075,MFCI-2376,"A Facebook reel lists ""mistakes"" to avoid during periods. It says: ❌Avoid hair wash during periods: The body releases heat through menstrual blood. Washing hair with cold water stops the body's natural cleansing process. Taking a head bath during periods should only happen on the fourth day. ❌No exercising: Activities like workouts or travel increase Vata Dosha (an Ayurvedic body element), which is already high during periods, causing imbalance.","Is it necessary to avoid hair wash during periods? No, there's no reason to avoid hair wash during periods. Keeping the scalp clean by taking a head bath during periods helps maintain hygiene and prevents oil buildup. No scientific studies show that washing hair with cold water disrupts the body's natural cleansing process during periods. The body cleanses itself through organs like the liver, kidneys, and skin, and washing hair doesn't affect this. UNICEF confirms that cold water has no negative effect on periods or overall health. Ayurveda, an ancient health system, doesn't forbid taking a head bath during periods. Dr P. Ram Manohar, Research Director at Amrita School of Ayurveda, explains, ""Ayurvedic texts don't say no to taking head bath during periods. These ideas often come from old social or cultural habits, not medical facts. In the past, bathing in public places like ponds was harder during periods without modern sanitary products."" Some believe cold water might tighten scalp muscles and reduce blood flow, but there's no clear evidence this harms the body or relates to periods. Avoiding hair wash during periods is a myth with no medical basis. Washing hair as usual is safe and supports good hygiene, which is especially important during menstruation. One misleading post claims that keeping your hair wet can cause a cold. However, the common cold is caused by viruses, not by wet hair. Maintaining good hygiene practices, including washing your hair, is a normal and healthy part of self-care during menstruation. While myths, such as avoiding baths during the first three days, still persist, they have no scientific support. Should exercising during periods be avoided? No, exercising during periods is not harmful and can actually help. Studies show that physical activity can ease period symptoms like cramps, boost mood, increase energy, reduce bloating, and improve sleep. Exercise releases happy hormones like serotonin and endorphins, which make people feel better. Dr Ayush Chandra, Consultant Diabetologist, Yoga Trainer, Nivaran Health, Delhi, says, ""Exercise can reduce period pain, lift mood, and give strength. On heavier bleeding days, try gentle activities like walking, yoga, or light cardio."" However, everyone's body is different. If periods cause discomfort, low-impact exercises like swimming or stretching might feel better than intense workouts. Listening to the body's needs is key. Rupam Sarkar, BPT, MPT (Cardiothoracic & Pulmonary Sciences), says, ""Exercise improves blood flow, which can reduce cramps and help the body shed its uterine lining. It also burns prostaglandins, chemicals that cause period pain, acting like a natural pain reliever. Aerobic exercises, like brisk walking, are often recommended to support regular periods."" There's no need to avoid exercise during periods. Choosing activities that feel comfortable is the best approach. If unsure, talking to a doctor or fitness expert can help create a plan that works for each person. In summary, the idea to avoid hair wash during periods or skip exercise comes from myths, not facts. Taking a head bath during periods keeps the scalp clean and healthy without affecting menstruation. Exercise can ease period symptoms and improve well-being. These choices depend on personal comfort, but there's no medical reason to stop either. Good hygiene and gentle movement are safe and helpful during periods.",Mostly False,Mostly False,
S034,MFCI-2692,Garlic kills brain Cancer cells without Side effect,"There are multiple journals of names similar to 'Journal Cancer'. Example: International Journal of Cancer, The Cancer Journal etc. However, we couldn't track any particular journal named 'Journal Cancer'. As per the American Institute of Cancer Research, 'Laboratory research shows that allium compounds in garlic offer anti-cancer activity, but support for garlic lowering cancer risk is lacking in human studies.' However, the site also suggests that 'Eating Garlic for Cancer prevention' is a good idea. In another research published in 2018, it was found that Garlic extracts can inhibit the growth of Cancer cells. In a recent report published in ScienceDirect on March 2020, a group of researchers claim to have been able to cure Cancer in a mice after injecting raw garlic extract. However, researchers mentioned in the conclusion that, 'More rationally designed experiments and trials are required to explore the novel properties of garlic.' No. Garlic may help in preventing Cancer. It may also help in fighting Cancer. However, there is no conclusive medical evidence as of now. Garlic is considered a herb with strong medicinal properties under Ayurveda and Unani medicinal practices. Alternative medicinal practitioners have often used garlic for treating high Cholesterol and other diseases. However, garlic is not proven to be a cure for Cancer. It may prevent Cancer (as suggested in researches mentioned above) but there is no evidence that it will be effective in curing Cancer. It should not be treated as an alternative to Chemotherapy. Dr. Manish Singhal, Senior Medical Oncologist with Indraprastha Apollo Hospital, mentions, 'There have been a number of researches related to both Garlic and Turmeric and their effects on Cancer cells. Some results have positive outcomes too. But we need to remember that these are researches done mostly on a Petri dish and not on humans having Cancer. We do not have any evidence on how much of Garlic or Turmeric should be consumed and believing that consuming a large quantity of these herbs will cure Cancer is a very wrong statement.'",False,False,
S189,MFCI-1499,"A Facebook post lists eight harmful effects of eating wheat roti, including gas, swelling, constipation, skin allergies such as itching and rashes, nasal blockage, sneezing, breathing problems, fat storage due to wheat's carbohydrates, migraines, and throat infections. It implies that regular consumption of wheat roti could be harmful for most people and suggests it should be restricted or avoided.","The fact-check addresses each claimed harm: (1) Bloating and constipation: Wheat roti made from whole wheat flour is actually a good source of dietary fibre, which helps maintain regular bowel movements and prevent constipation. However, individuals with conditions like irritable bowel syndrome (IBS) or gluten sensitivity may feel bloated or uncomfortable after eating wheat. Additionally, people with diabetes may need to be cautious, as roti can cause a spike in blood sugar levels. These are specific health concerns and do not apply to the general population. Dr Swati Dave, PhD in Food and Nutrition, clarifies, 'Wheat roti, made from whole wheat flour, is rich in dietary fibre which helps promote regular bowel movements and supports overall gut health. For most people, it does not cause bloating or constipation. However, those with specific conditions like irritable bowel syndrome (IBS), gluten sensitivity, or coeliac disease may experience digestive discomfort such as bloating or cramps. It's important to identify individual triggers rather than assume wheat is harmful for everyone.' (2) Gluten digestion: Gluten is a natural protein found in wheat, barley, and rye. People with coeliac disease (an autoimmune disorder) must avoid it, as even small amounts can damage their intestines. Some may also have non-coeliac gluten sensitivity, which can cause symptoms like bloating or fatigue. However, most healthy individuals can digest gluten without any problems. Shruti K Bhardwaj, Chief Clinical Nutritionist at Zydus Hospital, Ahmedabad, explains, 'For the vast majority of people, gluten is not difficult to digest. It's a natural protein found in wheat, barley, and rye, and the body handles it just like other proteins. Only individuals with coeliac disease, wheat allergy, or non-coeliac gluten sensitivity need to avoid it. For everyone else, gluten-containing foods can be part of a balanced and healthy diet.' (3) Skin rashes: Only in those with wheat allergy. A wheat allergy can trigger skin reactions such as itching, rashes, or redness—but this is quite rare. Most people do not develop skin issues from eating wheat. There is no evidence that wheat roti causes general skin inflammation or redness unless someone has an allergy or a diagnosed sensitivity. (4) Sinus issues: No, not in healthy individuals. Sneezing or nasal congestion is not a common side effect of eating wheat. These symptoms are usually due to environmental allergies like pollen or dust. A wheat allergy might lead to respiratory symptoms, but that's rare. There's no solid link between wheat roti and sinus problems for the general population. (5) Weight gain: Not directly. Wheat contains complex carbohydrates, which provide energy. Eating too many calories from any food, including wheat, can lead to weight gain. But whole wheat roti, when eaten in moderation, doesn't cause fat storage on its own. In fact, it provides fibre that can help control appetite and support weight management. (6) Migraines: Rarely, and only in specific cases. There's limited evidence linking gluten to migraines. Some people with coeliac disease or gluten sensitivity may experience headaches as a symptom, but this doesn't apply to most people. A healthy person eating wheat roti is unlikely to get a migraine from it. (7) Throat swelling: Only in cases of wheat allergy. In rare allergic reactions, wheat can cause symptoms like throat swelling, itching, or even difficulty breathing. These are serious conditions and need medical attention. But such reactions are not common, and wheat is safe for the majority of people when consumed as part of a balanced diet. THIP Media Take: The claim that wheat roti can cause skin allergies, sinus problems, weight gain, and migraines is mostly false. The post uses broad and exaggerated claims about the harm of wheat roti. While it's true that wheat can cause problems in people with allergies or gluten-related disorders, it is generally safe and even beneficial for most individuals. The listed symptoms—bloating, sinus issues, skin reactions, and weight gain—are not caused by wheat roti in healthy people. These claims ignore context, overgeneralise rare conditions, and may unnecessarily scare people away from a common and nutritious food staple.",Mostly False,Mostly False,
S041,MFCI-1913,taking too much sugar can cause Diabetes,"Diabetes is a chronic medical condition characterised by elevated levels of glucose (sugar) in the blood. There are several types of diabetes, including type 1, type 2, and gestational diabetes. In type 1 diabetes, the immune system attacks and destroys insulin-producing cells in the pancreas, leading to a lack of insulin production. Type 2 diabetes occurs when the body becomes resistant to insulin or doesn't produce enough insulin to regulate blood sugar effectively. Gestational diabetes develops during pregnancy and usually resolves after childbirth. Diabetes requires lifelong management to control blood sugar levels and prevent complications affecting various organs and systems in the body. Diabetes is primarily caused by a combination of genetic, lifestyle, and environmental factors. In type 1 diabetes, the immune system mistakenly attacks and destroys insulin-producing cells in the pancreas. Type 2 diabetes develops when the body becomes resistant to insulin or doesn't produce enough insulin to maintain normal glucose levels. Risk factors include family history, obesity, sedentary lifestyle, poor diet, and age. Dr. Pallav Prajapati, an Ayurvedic specialist, suggests that diabetes is a result of lifestyle choices. Factors like lack of physical activity, unhealthy eating habits, and imbalanced diets can contribute to its development. Additionally, contemporary stress levels are increasingly recognized as a factor in diabetes onset. The relationship between sugar consumption and diabetes is complex. While excessive sugar intake can contribute to weight gain, obesity, and insulin resistance, it's not the sole cause of diabetes. Type 1 diabetes is primarily due to genetic factors and autoimmune response, while type 2 diabetes is influenced by a combination of genetic predisposition, lifestyle factors, and obesity. Sugar consumption can exacerbate existing risk factors for type 2 diabetes but isn't the sole determinant. A balanced diet, regular exercise, and maintaining a healthy weight are crucial in diabetes prevention and management, alongside monitoring overall sugar intake. Eating excessive sugar may heighten the risk of developing diabetes, particularly for individuals with prediabetes or existing diabetes. Overconsumption of sugar can lead to weight gain and insulin resistance, both linked to type 2 diabetes. However, this risk is influenced by factors like overall diet, exercise habits, and genetics. While occasional sugar treats may not directly trigger diabetes, making sugary foods a habit, especially at night, can disrupt blood sugar levels and contribute to long-term health complications. Maintaining a balanced diet and moderating sugar intake are vital for overall well-being.",Mostly False,Mostly False,
S059,MFCI-1947,COFFEE IS FULL OF CARCINOGENS and MUCH MORE #thematrix#wakeup#conscious#conspriacy #truther#rabbithole,"In 1991, coffee was included in a list of possible carcinogens by the World Health Organization. By 2016 it was exonerated, as research found that there was no association between coffee consumption and an increased risk of cancer; on the contrary, there was a decreased risk of certain cancers. However, at present, the speculations of coffee as a carcinogen arise due to the presence of a chemical called 'acrylamide'. The FDA states that they strongly support exempting coffee from a cancer warning. The International Agency for Research on Cancer (IARC) classifies acrylamide as a 'probable human carcinogen'. Probable is certainly not definitive. While acrylamide was found to be a causative agent for cancer in animal models, contrastingly, in human studies, the results are inconsistent. Therefore, further research is needed to prove coffee as a carcinogenic agent. The available evidence suggests that coffee is unlikely to cause cancer. It may even reduce the risk of developing certain types of cancer. However, there is not yet enough scientific evidence to confirm this. Dr. Sarthak Moharir, (MBBS, MD, Radiation Oncology) clarifies this by stating, 'Coffee is not carcinogenic, and there is no evidence to back this claim up. Furthermore, unsweetened black coffee is good for your liver and can be consumed without worry. Extremely hot liquids should not be consumed since they are a risk factor for developing esophageal malignancies.' Coffee and its impact on health is still a topic of much debate. There are various pieces of research which have conflicting results. Coffee consumption seems generally safe within usual intake levels. The study further states that the largest risk reduction for various health outcomes at three to four cups a day, and more likely to benefit health than harm. A working group of the International Agency for Research on Cancer working for WHO found that there was no conclusive evidence for a carcinogenic effect of drinking coffee. However, the experts did find that drinking very hot beverages probably causes cancer of the oesophagus in humans. Another research states that there is highly suggestive evidence for an inverse association between coffee intake and the risk of liver and endometrial cancer. A study suggests that coffee drinking is associated with a reduced risk of liver cancer. Similarly, research found no significant association between coffee consumption and pancreatic cancer risk. However, there are scant studies which suggest that there is an association between cancer and coffee consumption. Research states that coffee consumption is not associated with most cancers, although the results of studies on bladder and lung cancer remain conflicting. In the case of colorectal, liver and breast cancers, coffee drinking may even have a protective effect. In conclusion, further research is needed to establish whether drinking coffee contributes to cancer. Current researchers do not find this association to be true in all cases.",Partly True,Partly True,
S138,MFCI-0247,"A YouTube shorts video shows a man showing a cut chicken with black materials in the belly, claiming it is black fungus and that it has started spreading among chickens and can now affect humans.","Black Fungus, medically called Mucormycosis, is a rare but serious fungal infection caused by a kind of fungus called mucormycete. Mucormycetes are a group of fungi that are commonly found in decaying organic matter, such as leaves, compost piles, and animal dung. Scientists have noted, 'Chickens are less susceptible to mucor infection' but in exceptional cases, 'The infection can spread to gastrointestinal tract, skin and other organs.' A fake claim was spread that farm chickens spread black fungus. The post was found absurd. No. You can prevent black fungus by taking care of your immunity and hygiene. There is no evidence of humans contracting black fungus disease from poultry. Experts at Health Desk, a Covid-19 resource for journalists powered by public health experts, also confirmed that mucormycosis does not spread between humans and animals. 'Chickens (or poultry) with immune problems can develop mucormycosis. However, there is no evidence to suggest that people become infected with mucormycosis by eating cooked chicken. Raw chicken should never be eaten since there is a high risk of food-borne illness from bacteria like camphylobacter and salmonella.' Randeep Guleria, Director, All India Institute of Medical Science (AIIMS), in a press meet, has listed down preventive measures. The list does not contain any advice of 'stop eating chicken.'",Mostly False,Mostly False,
S053,MFCI-2668,"Oximeters show readings for non-living objects like pens and biscuits, proving that oximeters are fake and don't work properly","An Oximeter is a clip like medical device that uses infrared lights to detect Oxygen levels in blood. As per the website of Hopkins, 'Pulse oximetry is a test used to measure the oxygen level (oxygen saturation) of the blood. It is an easy, painless measure of how well oxygen is being sent to parts of your body furthest from your heart, such as the arms and legs.' British Lung Foundation (BLF) on its website explains, 'A pulse oximeter measures how much light is absorbed by your blood. This tells us how much oxygen your blood contains. The pulse oximeter shines 2 lights through your fingertip or earlobe: one red light and one infrared light.' BPL, a leading Oximeter manufacturer further explains, 'Small beams of light pass through the blood in the finger, measuring the amount of oxygen. It does this by measuring changes in light absorption in oxygenated or deoxygenated blood. The pulse oximeter will thus be able to tell you your oxygen saturation levels.' BPL recognizes this on their website and provides a scientific explanation to it. 'The patient's condition is detected based on the sensitivity of the amount of red and infrared light falling on the sensor of the pulse oximeter or probe in other machines. When this is obstructed by increasing the distance between the LED and the detector, or by inserting some object inside the probe, the module will think the finger is inserted and will start searching for a pulse. In this condition, the varying intensity of diffused light falling on the detector can cause a pulsating effect and lead to a reading on the pulse oximeter. The pulse oximeter is a very sensitive device. However, if the gap between the LED and the sensor is closed fully, so that no light falls on the detector, the pulse oximeter will sense no pulse and there won't be any reading.' This explains why readings were shown on the video when non-living objects were inserted in the oximeter. However, this does not mean that the readings that a oximeter gives on a human finger is fake. BPL strictly advises against insertion of any objects like a pencil, pen, etc in the pulse oximeter to check the readings as it may damage the sensor of the device and can lead to malfunctioning. Oximeters are a necessary device for doctors, primary healthcare workers, sportsperson, high altitude trekkers etc. It gives an indication on whether the person's lungs are performing well and he is being able to get enough oxygen in his body. Lower levels of Oxygen in the body for long can have serious health implications including headache, dizziness, chest pain etc. Understanding the underlying health reason for these symptoms are very important for medical professionals to decide on the course of treatment. Having Oximeters at home is a debatable recommendation from doctors. If there are patients at home who have pre-existing lung diseases, having an oximeter may help. During the COVID-19 pandemic, since the Coronavirus is known to attack lungs, many people opted for having an Oximeter to measure their Oxygen saturation at home. The Ministry of Health and Family Welfare (MoHFW) in a document titled 'Home care tips for managing COVID-19' recommended people having COVID-19 and undergoing home treatment to monitor their oxygen levels with a pulse oximeter 3-4 times in a day. As per the website of FDA, 'pulse oximeters are least accurate when oxygen saturations are less than 80 percent and most accurate when the oxygen levels are between 90-100 percent.' Therefore, the FDA advises to monitor trends over time instead of absolute thresholds. IndiaCOVIDSOS, a volunteer group consisting of scientists, clinicians, engineers, policy-makers and epidemiologists, has recently published a video explaining how to use a pulse oximeter at home.",Mostly False,Mostly False,
S042,MFCI-1113,Kiwi is the most powerful fruit in the world. Consuming it cures eye-related diseases and improves eyesight!,"Dr Swati Dave, PhD in Food and Nutrition, says: ""Fresh kiwis have some amount of vitamins C and E, which make them a rich source of antioxidants. The vitamin A content, however, is very poor to support this fruit directly for eye health. There is no retinol in fresh fruit, though it does contain beta-carotene, lutein, and zeaxanthin in trace amounts."" Dr Isha Agarwalla, Ophthalmologist from Drishti Netralaya, Dibrugarh, Assam, states: ""Kiwi fruit is rich in vitamin C, antioxidants, and other nutrients that support overall eye health, but it cannot cure eye diseases or significantly improve eyesight. Conditions like cataracts, glaucoma, or refractive errors require medical diagnosis and treatment. A balanced diet, including fruits like kiwi, can help maintain eye health but is not a substitute for professional care."" While kiwi contains antioxidants like lutein and zeaxanthin that are helpful for eye health and help protect the eyes from harmful light, these benefits are preventive and long-term, not immediate or curative. Kiwi is an excellent source of essential nutrients including vitamin C, antioxidants, and fibre, all beneficial for general health. However, there is no evidence to suggest it is especially powerful in curing eye-related diseases or significantly improving eyesight. Eye diseases like cataracts, glaucoma, and macular degeneration require professional medical treatment, often involving surgery or specific medications. Conditions such as refractive errors are addressed with corrective lenses, glasses, or LASIK. While nutrition plays a role in supporting eye health, no single food, including kiwi, has been proven to cure these conditions. Kiwi contains vitamin C which is essential for overall eye health and compounds like lutein and zeaxanthin which support eye health and reduce the risk of age-related macular degeneration. However, eating kiwi will not magically improve eyesight or reverse vision problems. A balanced diet rich in a variety of nutrients can help maintain eye health but is not a cure for poor vision. Kiwi's high vitamin C content helps with collagen formation, vital for the health of blood vessels in the eyes. It also contains vitamin E which plays a role in protecting the eyes from oxidative damage. However, kiwi can cause severe allergic reactions in some individuals, especially children, due to the primary allergen actinidin.",Mostly False,Mostly False,
S073,MFCI-1914,Cooking in Aluminum foil is the cause of Alzheimer's Disease,"Aluminum is a silvery-white, lightweight metal. Unlike many other metals (iron, zinc etc.) there is no physiological use of aluminum in human body. It is one of the trace elements in our body and it's presence is described as contamination. Often the metal is used. Aluminum Foil is thin leaves created from the metal. It is often used for packing and cooking. Research has shown that when food is cooked within Aluminum foil, the leaching of Aluminum into the food is not a negligible amount. When combined with other factors like aluminum intake through certain foods it can lead to consuming a weekly dose not far from the weekly tolerable limit. Also, for people with certain medical conditions, like kidney diseases, the build-up of aluminum in the body will be much faster. Neurologist Dr. Pawan Raj says, Use of aluminum foil for cooking contributes significantly to the daily intake of aluminum through the cooked foods. The amount of leaching was found to be high in acidic solutions, and even higher with the addition of spices. According to the World Health Organization (WHO), the obtained values are considered to be unacceptable. Aluminum foil may be used for packing but not for cooking. Does Aluminum increase the risk of Alzheimer's Disease? We still do not know what causes Alzheimer's Disease. It is believed to be a mix of multiple factors like age, genetics, environmental factors, and lifestyle. Research has not been able to establish any direct connection between dietary intake of Aluminum and Alzheimer's Disease. For example, people who get a regular intake of Aluminum due to certain medications do not seem to be developing Alzheimer's Disease. A false post on social media also claims that aluminum is the biggest cause of Alzheimer's disease. The Alzheimer's Society website mentions, At present, there is no strong evidence to support the fears that coming in contact with metals through using equipment or through food or water increases your risk of developing Alzheimer's disease. That said, there are multiple researches that show that a very high amount of Aluminum through the diet may have some role to develop Alzheimer's Disease. Dr. Raj says, There is indirect evidence associating toxic levels of Aluminum with dementia especially Alzheimer's dementia. Experimental studies in rats and mice showed that Aluminum accumulates in the brain cortex, hippocampus, and cerebellum. However, such levels of Aluminum toxicity may not occur due to packing or cooking food in Aluminum foil alone. Along with regular use of Aluminum foil, aluminum-rich diets, and existing medical conditions (like kidney disease) can lead to a build-up of toxic amounts of Aluminum.",Mostly False,Mostly False,
S008,MFCI-0363,"An Instagram post suggests performing Paschimottanasana (Seated Forward Bend) for 30 seconds, ten times daily can reduce belly fat, promote faster hair growth, and decrease stress and anxiety.","Can performing the Seated Forward Bend pose for 30 seconds reduce belly fat? No, spot reduction of fat is a myth. Scientific evidence shows that simply doing one specific exercise won't target fat loss in certain areas. Weight loss occurs when you burn more calories than you consume. Yoga can help in weight management by promoting mindfulness and increasing physical activity, but relying on a single yoga pose for 30 seconds to target belly fat isn't realistic. Fat loss requires a mix of regular exercise, a balanced diet, and consistency. High-intensity workouts, strength training, and healthy eating habits are more effective for overall fat reduction, including belly fat. Expert insight from Hakim Bharmal, Master Trainer and Contest Prep Coach: ""Yoga supports flexibility and relaxation, but effective weight loss needs a mix of cardio and strength training exercises. Activities like running or cycling, paired with strength moves like squats and lunges, help burn more calories and boost metabolism. A holistic approach with varied workouts and a calorie-deficit diet is essential to reduce overall body fat."" There are many home remedies for fat loss, with some people recommending turmeric and ginger for weight loss. However, it's important to note that there is no solid evidence to support these claims.

Does the Seated Forward Bend pose stimulate faster hair growth? No, hair growth mainly depends on genetics, nutrition, and hormonal factors rather than a specific exercise or pose. Yoga and meditation can improve blood circulation, and may reduce inflammatory markers in the body. But, there is no strong evidence that they directly affect hair growth rates. Additionally, there's an indirect connection: yoga can reduce stress, which can potentially reduce hair fall due to stress. Expert insight from Dr Ekansh Shekhar, Dermatologist, Cosmetologist, Trichologist, and Aesthetic Medicine Consultant in Lucknow: ""Paschimottanasana does not have proven effects on hair growth. While yoga promotes well-being, hair growth mainly depends on genetics, hormonal balance, and nutrition. Some yoga poses may enhance blood circulation, but the specific impact of Paschimottanasana remains unsubstantiated.""

Can the Seated Forward Bend pose reduce stress and anxiety? Yes, but only to an extent. Practising yoga regularly can help reduce stress and anxiety over time, but a 30-second session alone is unlikely to achieve this. Poses like the Seated Forward Bend can help calm the nervous system and promote relaxation. Deep breathing and mindfulness stimulate the parasympathetic nervous system (a part of our nervous system), which encourages a state of calm. However, effective stress management generally requires consistent practice that includes multiple poses, breathing exercises, and possibly meditation. A well-rounded yoga practice supports mental health, but a brief session isn't a cure-all. Expert insight from Dr Roma Kumar, Senior Consultant Psychologist at Sir Ganga Ram Hospital and Max Hospital in New Delhi: ""Practising Paschimottanasana encourages deep breathing and mindfulness, helping to calm the mind. While research supports yoga's role in enhancing mental well-being and reducing stress, individual experiences may vary. It's important for people to consult an expert if they are experiencing chronic stress or anxiety.""

The Seated Forward Bend pose offers several advantages for both body and mind. Incorporating Paschimottanasana into your routine can enhance your physical and mental well-being. However, achieving significant health benefits like weight loss and stress relief requires a comprehensive approach, including a balanced diet and lifestyle.

THIP Media Take: Yoga poses can improve flexibility, relaxation, and overall well-being. However, expecting 30-second poses to reduce belly fat, accelerate hair growth, or eliminate stress is misleading. Therefore, we conclude the claim is mostly false. Holistic approaches, including regular exercise, proper nutrition, and mental health practices, are essential for these outcomes.",False,False,
S055,MFCI-0727,"AN ULTIMATE SOLUTION TO TYPHOID AND A BLOOD BOOSTER. Sometimes because you don't pay for these remedies or because I'm not a medical doctor, you don't value the information, some great information doesn't cost you a penny, and it saves lives. This is Coconut peel, for typhoid or to boost your blood dry it very well with sun and cook it with a pinch of potash, drink a cup morning and night. Check yourself within two weeks and see how typhoid will fly away.","Typhoid is caused by the bacterium Salmonella Typhi, which results in an infection leading to Typhoid fever. It can spread throughout the body, causing various symptoms such as high fever, diarrhea, vomiting, etc. Typhoid fever spreads through contaminated food, water or close contact with an infected person. Therefore, it is necessary to consult a doctor and get proper treatment from the doctor, as it can cause life-threatening complications. Safe drinking water, improved sanitation, and adequate medical care are the measures that can help prevent and control typhoid fever. The available evidence is not enough to confirm that coconut choir-infused water can cure typhoid. While researching coconut choirs, we found an article published by the Journal of Natural Science, Biology and Medical, which showed that the extract of Cocos nucifera showed a significant concentration-dependent antimicrobial activity. Nevertheless, researchers conducted this study to evaluate the inhibitory action against oral pathogens. Further studies are necessary to determine if the same results exist for typhoid-causing agents to prove this claim. Similarly, another study evaluated the antimicrobial activity of coconut husk extract and researchers found that the husk extract exhibited increased antimicrobial activity with higher concentrations and proved to be more effective against gram-negative organisms than gram-positive organisms, attributed to the presence of tannins and other phenolic compounds. However, this study showed results for pneumonia causing agents and not Salmonella Typhi. Also, even though consuming fluids like Coconut water prevents dehydration during typhoid fever, there are scant studies about treating the disease with coconut choir-infused water. Dr. Kashyap Dakshini, General Physician in Mumbai, responded that ""Typhoid fever is a life-threatening infection caused by the bacterium Salmonella Typhi which is spread through contaminated food or water and may have symptoms like prolonged fever, fatigue, headache, nausea, abdominal pain, constipation or diarrhea. Typhoid can be treated with antibiotics. Coconut coir is not edible and cannot be used to cure typhoid."" The NHS states, ""Typhoid fever requires prompt treatment with antibiotics. If untreated typhoid fever persists, statistics say that up to 1 in 5 people with the condition will die. Some of those who survive will have complications caused by the infection."" Dr. S Krishna Prasanthi, MBBS, MD (PGIMER) doesn't recommend using such home remedies to treat Typhoid and states, ""Salmonella Typhi causes typhoid, a bacterial infection. It causes nearly 100,000+ deaths per annum. There is an increasing resistance to multiple antibiotics. In this scenario, depending on home remedies like coconut coir infused water delays diagnosis and proper treatment, which may turn fatal.""",Mostly False,Mostly False,
S001,MFCI-2347,"An Instagram post claims that eating Maggi can lead to issues like low blood levels (blood deficiency/anaemia), bone pain, memory loss (dementia), organ swelling (kidney or liver), and hearing difficulties.","No, there's no scientific proof that eating Maggi directly causes these serious health issues. A lot of scary claims float around the internet that Maggi noodles can lead to blood deficiency (anaemia), bone pain, memory loss (dementia), kidney or liver swelling, or even hearing loss. But let's set the record straight: there's no solid medical evidence to support these direct links. What's more accurate is this: Maggi is an ultra processed food, low in iron, calcium, and essential nutrients. If someone eats it frequently and replaces fresh meals with it, over time, their body may miss out on what it truly needs, like iron for blood health, or calcium and vitamin D for bones. That deficiency might eventually lead to tiredness, weak bones, or poor concentration, but not because of Maggi itself. It's the lack of variety in the diet that causes the problem. Also, claims about swelling in the liver or kidneys and hearing issues are unproven. Unless Maggi is contaminated, which is rare and heavily monitored now, it won't directly damage your organs. Maggi noodles side effects can come from overuse and poor diet habits, not from a single pack. Eat it now and then? No problem. Eat it all the time instead of real food? That's when trouble can begin. Dr Swati Dave, PhD in Food and Nutrition, said ""There is no scientific evidence to suggest that occasional consumption of Maggi or other instant noodles can directly cause blood deficiency or hearing loss. The problem arises when such foods replace nutritious meals on a regular basis."" Aditi Prabhu, Clinical & Sports Dietitian-Nutritionist and Founder of NutroDynamix said ""Claims like dementia or organ swelling from eating Maggi are exaggerated. However, eating it too often may lead to poor nutrition over time, especially if it replaces balanced meals in growing children."" Regarding daily consumption: Maggi noodles might be quick and tasty, but they are not built to nourish your body. Each serving is low in fibre, protein, and essential vitamins and minerals. The instant noodles are mainly made of refined flour (maida), which digests quickly and doesn't keep you full for long. Without fibre and protein, your body doesn't get the support it needs for good digestion, energy, or growth. Over time, relying too much on such meals can weaken your overall food habits. Children and teens, in particular, may form unhealthy eating patterns if instant noodles become a daily routine. On the 2015 lead case: In 2015, Maggi noodles were pulled off shelves in India after reports claimed they contained excessive levels of lead and added MSG (monosodium glutamate). Several state-run labs found lead levels that crossed the permissible limit. However, independent lab tests later showed that Maggi was safe, and the Bombay High Court lifted the ban. Since then, Maggi noodles have gone through more frequent quality checks. The Food Safety and Standards Authority of India (FSSAI) also monitors its production closely. Current batches of Maggi noodles are considered safe to eat when it comes to lead. But safety from lead doesn't mean it's healthy overall. Dr Shashank Jain, MBBS, MD (Paediatrics) said ""If you're a parent wondering whether you should ban Maggi from your home, here's the truth: it's okay to have it once in a week, but it shouldn't become a meal replacement or lunchbox staple. A single pack may contain nearly 40% of a child's daily salt allowance.""",Mostly False,Mostly False,
S036,MFCI-2035,"Inhaling infused water steam (with oranges, limes, lemons, onions, garlic, ginger, and basil) prevents COVID-19","There is no scientific evidence to support the claim that inhaling steam infused with water containing oranges, limes, lemons, onions, garlic, ginger, and basil prevents COVID-19. While some of these ingredients may have health benefits and can contribute to overall well-being, there is no specific evidence to suggest that inhaling their steam can prevent viral infections, including COVID-19. The same has been confirmed by Dr Neha Rastogi Panda, Senior Infectious Diseases Specialist, Fortis Hospital Gurgaon. In an interview with THIP Media, Dr Rastogi explains that home remedies can be a pillar of holistic treatment of COVID-19. But they solely cannot cure COVID-19. The only way to effectively prevent or treat COVID-19 is through evidence-based measures recommended by health authorities and healthcare professionals. Even though water steam itself cannot prevent COVID-19, it may offer some symptomatic relief. Taking steam can help if someone is already experiencing symptoms like a cough, congestion, or nasal drip. Warm, moist air can help moisturize and loosen mucus in the airways, making it easier to cough up and reducing congestion. This can provide temporary relief from a cough, stuffy nose, and difficulty breathing. Inhaling steam can also soothe a sore throat and irritated nasal passages. However, it is important to note that steam inhalation does not kill the virus and does not prevent COVID-19. It only offers temporary relief from some symptoms. Steam inhalation is not a substitute for proven preventive measures such as vaccination, wearing masks, practicing good hand hygiene, and maintaining physical distance from others. It may offer some relief for congestion or nasal symptoms but does not directly target the virus responsible for COVID-19. During the COVID-19 pandemic, steam inhalation gained attention as a potential remedy for respiratory symptoms, likely because it is perceived as a simple and accessible home remedy. Observations consistently indicate that the application of steam inhalation has reduced clinical symptoms in infected patients. But large-scale randomized controlled trials are necessary to definitively establish and strengthen its effects because the available evidence is more theoretical. Despite its potential benefits, there have been reports of adverse effects. These include accidental scald burns resulting from inadequate care and supervision, particularly in pediatric patients undergoing steam inhalation. Additionally, inhaling vapor from superheated steam at very high temperatures, approximately 130°C, can lead to severe respiratory injury. Therefore, it is evident that while the therapy may be safe, it necessitates stringent caution and vigilant supervision to prevent harm. It is crucial to rely on scientifically proven methods for prevention and treatment. Health authorities have emphasized the importance of vaccination, adherence to public health guidelines, and seeking medical attention if experiencing COVID-19 symptoms, especially if they are severe or persistent. Overall, steam inhalation can be a safe and helpful way to manage some COVID-19 symptoms. But it is not a prevention method or a substitute for professional medical advice and treatment. The best ways to prevent COVID-19 transmission are by following public health guidelines such as practicing good hand hygiene, wearing masks in crowded or indoor settings, maintaining physical distance from others, and getting vaccinated if eligible.",Mostly False,Mostly False,
S029,MFCI-1878,Blue Light from Electronic gadgets are causing deteriorating eye health and eventually leads to blindness,"White light is composed of seven different wavelenghts. (VIBGYOR = Violet, Indigo, Blue, Green, Yellow, Orange, Red). The colour blue in this composition has shorter wavelengths and higher energy than other colors. It is mixed in potentially all forms of lights including natural sunlight. We are exposed to blue light majorly from sun rays. Other than that, household items like fluorescent lights, CFL (compact fluorescent light) bulbs, LED lights, Flat-screen LED televisions, computer monitors, smartphones, and tablet screens, etc. also contribute to the amount of blue light our eyes are exposed to. According to research, the blue light exposure to eyes from household items is much lesser compared to blue light exposure from the sun. Yet, due to the proximity of the blue light from household items (computers and mobile screen included), they remain to be a matter of concern. Yes. If exposed to a certain wavelength (emission peak below 450 nm) of blue light for a longer duration, blue light may affect eyes. Many researches have shown that 'blue light can also produce different degree of damage to corneal, crystal lens and retina.' However, there are few missing context in the generalised statement – 'Blue light hurts eyes.' For starters, researchers say that for short time exposure to digital displays 'It is unscientific to equate all blue light as directly causing eye injury and unilaterally.' Not all blue lights will hurt eyes. Only, at a certain wavelength (emission peak below 450 nm) it may hurt eyes. As per an extensive study done on this matter, researchers conclude, 'Although we are convinced that exposure to blue light from LEDs in the range 470–480 nm for a short to medium period (days to a few weeks) should not significantly increase the risk of development of ocular pathologies, this conclusion cannot be generalized to a long-term exposure (months to years).' Also, most studies do not take into account the modern day innovation in lighting or gadgets technology. In Harvard Health Blog, Dr. David Ramsey writes, 'consumer electronics are not harmful to the retina because of the amount of light emitted. For example, recent iPhones have a maximum brightness of around 625 candelas per square meter (cd/m2)…many retail stores have an ambient illumination twice as great.' Most experts believe, it is infrequent blinking while staring at screens that causes the eye strain and not the blue light from the device. The American Academy of Ophthalmology (AAO) clearly mentions on their website, 'there is no scientific evidence to support the claim that the blue light that electronic devices emit may cause harm to the eye.' On a related note, there are claims like blue light can harm the skin. But, this lacks scientific backing. Yes. Blue light has a few advantages too. Researches have shown that blue light boosts alertness, elevates mood and regulates the circadian rhythm (the body's natural wake and sleep cycle). Further still, Early studies show a deficiency in blue light exposure could contribute to the recent increase in myopia/nearsightedness. Though some researchers suggest, 'it is necessary to take appropriate protective measures when using blue light-related products, especially at night,' most experts are not convinced about the effectiveness of blue light blocking lenses or blue cut lenses. Eye Surgeon Dr. Aftab Alam, MBBS, DO (Ophthalmology) says, 'Blue lights from most modern day gadgets do not harm eyes. So, blue cut lenses don't provide any extra benefits. However, continuous exposure to blue lights may disturb our sleep cycle. From that perspective, using blue cut lenses may help you stay protected or sleep better.' Research also supports Dr. Aftab's advice. A research done on 13 teenagers, show that people who have excess exposure to blue light at night may benefit from blue cut lenses to help their sleeping. But the experts at American Academy of Ophthalmology (AAO) advices caution, 'taking preventive measures against blue light even though there is no evidence of damage could be more harmful than the blue light itself,' notes the AAO website.",Mostly False,Mostly False,
S011,MFCI-1543,"According to a Facebook post, it is possible to reverse type 2 diabetes through a workshop. The man featured in the video suggests you can control all the factors responsible for type 2 diabetes like genetics and lifestyle factors.","Type 2 diabetes is a chronic condition that affects millions of people worldwide. It occurs when the body becomes resistant to insulin or when the pancreas is unable to produce enough insulin. The condition leads to elevated levels of glucose in the blood, which, if not managed properly, can result in serious health complications. Type 2 diabetes occurs due to a combination of genetic and lifestyle factors. Genetics can play a significant role in the development of the condition. If you have a family history of type 2 diabetes, you are at a higher risk of developing it yourself. However, lifestyle factors such as obesity, physical inactivity, poor diet, and high blood pressure also contribute significantly to the onset of the disease (American Diabetes Association). The main issue in type 2 diabetes is insulin resistance, where the body's cells do not respond effectively to insulin. Over time, the pancreas cannot keep up with the increased demand for insulin, leading to elevated blood sugar levels. This imbalance can cause various health issues, including heart disease, nerve damage, kidney disease, and vision problems. The management of type 2 diabetes generally involves a combination of lifestyle changes and medication. The main goal is to maintain blood sugar levels within a target range to prevent complications. **Is it possible to reverse type 2 diabetes? No, not really. Type 2 diabetes cannot be entirely reversed, but it can be put into remission through significant lifestyle changes and medical interventions.** Remission means that the signs and symptoms of diabetes have subsided, and blood sugar levels are within a normal range without medication. Scientific evidence suggests that weight loss, especially when achieved through bariatric surgery or very low-calorie diets, can lead to remission in some individuals. However, this does not mean the disease is cured. A 2018 study demonstrates that intensive weight management can lead to remission of type 2 diabetes in some people. Participants who lost a significant amount of weight through a strict low-calorie diet experienced remission, but maintaining this state required ongoing lifestyle changes. The risk of relapse remains high if healthy habits are not maintained. Another significant study conducted in 2019, highlighted the efficacy of a low-calorie diet in inducing remission. This study shows that nearly half of the participants who adhered to a calorie-restricted diet achieved and maintained remission for at least a year. Therefore, while remission is possible, it is not the same as a cure. Continuous management and lifestyle adjustments are necessary to sustain normal blood sugar levels. Dr V Mohan interview: ""Diabetes Reversal has become a very popular term in recent times. However, it is not new. The correct term for it, is 'Remission of Diabetes', because, remission implies that the disease or disorder has temporarily gone into a shell and that it may come back any time."" Dr Ashirwad Pawar (Diabetologist at Sai Aashirwad Hospital, Mumbai): ""Before discussing diabetes reversal, it's important to understand remission and how it differs. Remission means your diabetes symptoms have lessened, and your blood sugar levels are normal without medication, achieved through lifestyle changes like diet, exercise, and weight loss. However, this doesn't mean the condition is cured. It can return if these changes aren't maintained."" Dr P Rammanohar (Research Director of Amrita School of Ayurveda): ""In Ayurveda, early-stage diabetes is referred to as Kapha Prameha. It can be cured by altering lifestyle factors and using supporting medicines. Advanced diabetes, known as Pitta Prameha, is not curable but can be managed with lifelong medications. In very advanced stages, called Vata Prameha, diabetes becomes unmanageable. There is no magical herb or formulation discovered so far for a complete cure."" When can it be dangerous to ignore diabetes medication? Ignoring diabetes medication can be extremely dangerous. Medications help manage blood sugar levels and prevent complications due to type 2 diabetes. Without proper medication, blood sugar levels can rise uncontrollably, leading to hyperglycaemia. This condition can cause severe complications. It is important not to forego your medications if you have been prescribed them. And be sure not to believe claims that insulin injections can cause heart attacks or strokes. This is inaccurate and does not align with the medical community. In conclusion, lifestyle changes and weight loss can help manage type 2 diabetes and even put it into remission. However, claiming that you can reverse type 2 diabetes is misleading. Continuous medical care and lifestyle adjustments are essential to prevent serious health complications. Hence, do not fall for claims suggesting miraculous cure for diabetes, or natural cure for diabetes using acupressure. The medical community does not support these claims, and they still remain unproven. Ignoring prescribed medications can lead to dangerous and life-threatening conditions. Always consult with healthcare professionals before making any significant changes to diabetes management plans.",Mostly False,Mostly False,
S149,MFCI-2057,"Pericardium 6 is literally the button for the heart, it helps regulate its rhythm, which calms the spirit and has a ripple effect on overall health and well being. Grab the free acupressure ebook in my bio to learn more life changing points 🙂 #acupressure #brokenheart #chestpain","Pericardium 6 (P6), also known as the Neiguan point, is an acupuncture point located on the inside of the wrist, about two finger widths above the crease between the wrist and the hand. It is found on the anterior forearm, approximately three fingerbreadths below the wrist crease, between the tendons of the palmaris longus and the flexor carpi radialis muscles. There is limited scientific evidence to support the use of Pericardium 6 (P6) acupressure or acupuncture as a treatment for heart diseases and epilepsy. Acupressure is a traditional massage technique that is widely utilized as a treatment modality in Traditional Chinese Medicine. The primary objective of acupressure, along with other therapies within Chinese Medicine, is to stimulate the flow of Qi, or vital life energy, through the body's 14 meridian channels. Research indicates that P6 stimulation might be beneficial in nausea and vomiting. Dr. Deepti Priya, Naturopath and Yoga Physician (BNYS) based in Mumbai, comments on this by stating, ""Acupressure and Acupuncture are alternative Therapies. They help in relieving the symptoms more than treating any disease. Pericardium 6 is a major point in Acupuncture therapy, as it helps to relieve the symptoms like palpitation, anxiety, and uneasy feelings. As per research, massaging on P6 helps in reliving nausea feeling (quick result in motion sickness) and morning sickness in pregnancy and post-operative vomiting. However, no research backs the claim that massaging P6 will help in curing heart diseases and epilepsy."" While P6 is traditionally believed to be an important acupuncture point for treating various conditions, however, more credible scientific evidence is needed to support these claims. Additionally, P6 massage should not be used as a replacement for proper medical treatment. Symptoms such as chest pain or seizures can be caused by a variety of conditions, some of which may require urgent medical attention. Heart diseases and epilepsy are serious conditions that require careful diagnosis and treatment by a qualified healthcare professional. Delaying or avoiding proper medical treatment in favour of P6 massage can lead to worsening symptoms and potentially life-threatening complications. In conclusion, while P6 massage may have some therapeutic benefits, it should not be relied upon as the sole treatment for heart diseases and epilepsy. Proper medical evaluation and treatment should always be sought for these serious conditions.",Mostly False,Mostly False,
S027,MFCI-2622,"A Facebook post advertising an earwax removal toolkit displays a video which starts with a baby with earwax and then shows how the toolkit works. Its caption also reads, ""Safe and efficient deep cleaning of ears, prevent infection, and relieve itching. The perfect personal care tool for your family.""","Earwax, or cerumen, serves essential functions in ear health. It acts as a natural barrier, safeguarding the ear canal from debris and insects. The natural oils in earwax moisturize the ear canal, preventing dryness and discomfort. Furthermore, earwax possesses antibacterial and antifungal properties, shielding against infections. The ear's self-cleaning mechanism pushes earwax from the ear canal to the outer ear, facilitating natural, maintenance-free cleaning. Earwax primarily consists of sebum from the glands, deceased epithelial cells, keratin, and fatty acids. The color of the wax tends to turn black when there is a higher concentration of keratin and dead cells, often associated with dirt and commonly observed in older individuals. On the other hand, if the wax contains a larger proportion of fatty acids, it appears yellowish, which is typically seen in children and is more common in older people. Earwax (cerumen) does not typically require regular removal. The ear has a self-cleaning mechanism that usually keeps the ear canal clean without the need for intervention. As you engage in everyday activities such as talking and chewing, the movement of your jaw helps to naturally move earwax from the ear canal toward the outer ear. Eventually, the earwax dries up and flakes off or falls out on its own. This process ensures that the ear canal remains clean and free from excessive earwax buildup. In most cases, the earwax that is produced naturally by your body will not cause problems and does not need to be removed. However, some individuals may experience earwax buildup or impaction, which can lead to symptoms such as hearing loss, pain, or discomfort. It is not recommended to use a wax cleaner toolset to clean your baby's or your own ears. In fact, doing so could cause permanent hearing damage. Earwax is a natural substance that helps to protect the ear canal from dust, dirt, and other foreign objects. A baby's ear does not need to be cleaned more than 2-3 times a week with a washcloth or cotton wool and warm water. Wax cleaner toolsets can push earwax further into the ear canal, where it can become lodged and cause a blockage. It can also introduce new bacteria, dust, or dirt. Furthermore, babies' ear canals are very small and delicate. It is easy to damage the ear canal or eardrum when using earwax tools, especially in babies. Some online toolkits may be made with cheap, low-quality materials that could irritate or damage the ear canal. In fact, some online toolkits may not be effective at removing earwax. If you or your baby has excessive earwax buildup or blockages, see a doctor for professional cleaning. A doctor can use a special ear irrigation device to gently flush the earwax out of the ear canal. It's essential to strike a balance between maintaining ear health and avoiding excessive earwax removal, as removing too much earwax can lead to dryness and irritation of the ear canal. Some people also use earwax removal spray, which is also not safe. If you have concerns about earwax or experience symptoms related to earwax, consult a healthcare provider for guidance and appropriate care.",Mostly False,Mostly False,
S037,MFCI-1395,"Tap water tests positive for COVID when tested with rapid test strips, indicating that tap water can carry Coronavirus","The video shows a person putting the test strips under tap water and getting test results instantly. The antigen test strips typically takes around 15 to 30 minutes to show results. It is unlikely that the test strip showed results within seconds unless it is tampered with or is defective. Also medical professionals claim that antigen tests are less accurate as compared to RT PCR tests. Hence, it can also be a case of false positive. No evidence. Researchers have earlier found the presence of SARS Coronavirus in faeces of some COVID-19 patients. Hence, there is always a risk of the virus managing to transmit through untreated waste water. The CDC believes that the chance of the spread of the virus through recreational waters is low, researchers do not rule out the possibility in totality. In a review done in this regard, researchers advised ""further research is warranted."" A fake claim also said that the COVID-19 testing kits come with a preloaded positive or negative result.",Mostly False,Mostly False,
S164,MFCI-2267,"According to scientific reports, humans only need to shower every 2-3 days. A daily shower can cause irritated and cracked skin","We shower to maintain bodily hygiene, clean off dirt and sweat from skin and at times, to cool the body. Water is also a good way of putting moisture back into the skin. A study done on the subject also suggests that bathing can prevent us from falling sick. There is no medical recommendation on number of times a person should bath in a day or week. Dr Saurabh Gaba, Associate Consultant, Internal Medicine, Paras Hospitals, Panchkula, explains, 'Bathing does not hurt you. The optimal frequency can vary from multiple times a day to once every few days, depending on the amount you sweat, exposure to dirt and pollution, etc.' The frequency of bathing is dependent on the climate a person lives in and a job he works in. People who work in dirty jobs are often advised to bathe more frequently than others. Not exactly. Under normal conditions bathing should not be harmful to skin. There are studies that have shown that excessive hand washing can lead to skin damage. However, soaps and shampoos used, skin type of a person, and the climate in which they live plays a role in deciding how much bathing can be too much bathing. We could not find any research that suggests that daily bathing will lead to skin damage. Dr Sujata Chakravarti, Consultant-General Medicine, Hiranandani Hospital, Vashi-A Fortis Network Hospital, says, 'The bacterial and fungal load from environment accumulates on your body and increases the risk of infection. Bathing cleans your skin to avoid irritation, inflammation and sores caused by dead skin cell accumulation. However, there may be instances where your doctor may advise you to restrict the frequency of bathing, for example, if you have a dry skin disorder. You may also need to restrict harsh soaps and excessive scrubbing.'",Mostly False,Mostly False,
S040,MFCI-0031,"A Facebook post claims that a probiotic toothpaste (SP-4 Ultra+ Whitening Probiotic Toothpaste) can instantly make your teeth super white, with complete removal of plaque, tough stains, and significantly brighter teeth after just one brushing. The advertisement video shows very unrealistic results like complete removal of plaque, tough stains, and significantly brighter teeth.","Probiotic toothpaste can offer several oral health benefits by introducing good bacteria to help keep harmful bacteria in check, reducing the risk of cavities, gum disease, and bad breath. However, there is no scientific evidence supporting the claim that it can instantly make teeth super white. Scientific analysis shows: Claim 1 (Instant teeth whitening): The product's claim that it can instantly make teeth super white is highly exaggerated. Scientifically, teeth whitening usually requires active ingredients like hydrogen peroxide, which work over time to break down stains. Probiotics and other mentioned ingredients (hydrated silicon and diamond powder) do not have the chemical properties needed for immediate whitening. Claim 2 (Removal of tough stains and plaque): The toothpaste may help in reducing surface stains and controlling plaque formation, but it is unlikely to remove tough, deeply embedded stains or hardened plaque (tartar) with just brushing. Such conditions require professional dental treatments. Claim 3 (Probiotic benefits): Probiotics' role in teeth whitening is minimal, as their main function is to balance bacteria in the mouth, not to bleach or lighten tooth enamel. Claim 4 (Plaque removal technology): There is limited evidence that any over-the-counter toothpaste can effectively remove plaque buildup like shown, in such a short span of time. Once plaque hardens into tartar, it can only be removed by a dental professional. Claim 5 (Diamond powder): Diamond powder can help in polishing teeth and removing surface stains, but excessive use can wear down enamel over time. The effectiveness of diamond powder in teeth whitening, especially in such a short timeframe, is not well-documented. Teeth whitening, especially when dealing with tough stains or yellowing, requires chemical agents like hydrogen peroxide or carbamide peroxide that work by penetrating the tooth enamel to break down stains. The images and videos promoting such instant whitening results are likely exaggerated and misleading. Teeth whitening is a gradual process that cannot be achieved in a single brushing session, especially not with a toothpaste that primarily focuses on balancing oral bacteria rather than using strong bleaching agents. Dr Pooja Sharma states: ""It's important to be cautious with products that promise instant results! Especially when it comes to teeth whitening. Professional guidance is important to ensure both the safety and effectiveness of any whitening treatment."" Dr Sharma emphasises the importance of professional consultation and treatment to ensure safety and achieve desired results. Dr Snigdha says: ""Probiotic toothpaste can support oral health by balancing the bacteria in your mouth, but the idea that it can instantly whiten teeth is simply not supported by scientific evidence. Teeth whitening is a process that involves more potent agents and longer time.""",Mostly False,Mostly False,
S128,MFCI-0211,A 27-year-old woman named Emily Herbert developed Stevens Johnson Syndrome (SJS) as a side effect of the COVID-19 vaccine. Social media users claimed that SJS was caused by the COVID vaccine.,"Stevens-Johnson syndrome is a disorder of the skin and mucous membranes. It is an adverse reaction to certain medication that has flu-like symptoms, followed by a painful rash and blisters. A much serious condition can shed the skin's top layer which takes several days to heal. No evidence confirms the woman in the claimed video had the syndrome from the covid vaccine. We went through all the social media handles of the woman in the claimed video and found that she uploaded her daily updates only on TikTok. As India continues to ban TikTok, we referred to the fact check by Reuters, where it is shown that the woman herself claimed her condition was an adverse reaction to Lamictal, which is a mood-stabilising drug. A paper published in 2017 confirms Lamictal/lamotrigine can cause the syndrome. The book 'Stevens Johnson Syndrome' shows medicines which cause the syndrome. The list includes sulfonamides, antibiotics and anticonvulsants including lamotrigine. Even allopurinol, paracetamol, nevirapine and nonsteroidal anti-inflammatory drugs can cause the syndrome. May be. The available scant evidence does suggest covid vaccine can cause stevens johnson syndrome. But every case study discusses a single patient. The sample size is not enough to establish the syndrome as a side effect of covid vaccines.",Mostly False,Mostly False,
S061,MFCI-2394,"Drinking a juice made from carrot, tomato, onion, and orange can remove cataracts and improve vision","Dr. Sandipak Ray, MBBS, MD (Ophthalmology), explains, ""No, there is currently no evidence-based method to remove cataracts naturally. Surgery remains the only effective treatment available. Home remedies and similar approaches may worsen the condition or cause delays in seeking proper treatment, potentially leading to complications."" Cataracts are a progressive condition where the lens of the eye becomes cloudy, causing blurry vision. This is a natural part of aging, but it can also be triggered by factors such as injury, excessive UV exposure, or diseases like diabetes. Once cataracts develop, they cannot be reversed by consuming specific foods or juices. The only scientifically proven treatment for cataracts is surgery, where the cloudy lens is removed and replaced with a clear, artificial one. While a healthy diet can contribute to overall eye health, it cannot restore vision impaired by cataracts. Dr. Aditya Sethi, a Cataract, Refractive, Pediatric Ophthalmic, and Strabismus Surgeon in Gurgaon, states, ""While diet and juice alone cannot prevent or reverse cataracts, it can help reduce the risk. Foods rich in antioxidants, such as fruits and vegetables, can be beneficial. Nutrients like vitamin C, vitamin E, zinc, and beta-carotene are linked to eye health, with vitamin C being particularly noted for its antioxidant properties that may support eye health. However, maintaining a balanced diet along with regular eye check-ups is crucial for comprehensive eye care."" Eye Surgeon Dr. Aftab Alam, MBBS, DO (Ophthalmology) said, ""Surgery is the only effective treatment for cataracts."" When cataracts begin to interfere with daily activities like reading, driving, or watching television, surgery is usually recommended. Cataract surgery is one of the safest and most commonly performed procedures worldwide. During the surgery, the cloudy lens is removed, and a clear, artificial lens is implanted. This restores the vision and is the only proven method for treating cataracts. In the early stages of cataracts, wearing corrective lenses (such as glasses or magnifiers) may help manage the symptoms, but they will not cure the condition. While carrot, tomato, onion, and orange juice may offer some eye health benefits due to their nutrient content, they cannot remove cataracts. The myth likely arises from the general belief that a healthy diet can cure or prevent health issues. There is widespread awareness that antioxidants, vitamins, and minerals found in fruits and vegetables are beneficial for health, including eye health. However, the ability to reverse cataracts is beyond the power of any diet.",Mostly False,Mostly False,
S101,MFCI-2030,Weight of human hair is 100-150 grams,"Human hair is generally lightweight, even when considering the entire head. The estimated weight of a single hair strand is about 0.62 milligrams (mg). This number is highly variable due to a lot of factors like length, thickness and moisture content of the hair. But still, based on this figure, and assuming the average human head has about 100,000 to 150,000 strands: This estimate suggests that the total weight of hair on a human head is between 62 and 93 grams, which is significantly less than the claimed 100 to 150 grams. However, it's important to note that this figure is an estimation, and there is no definitive study providing the exact weight of a single human hair strand, making this claim difficult to validate precisely. The claim about hair weighing 100 to 150 grams is unreliable due to exaggeration and lack of precise data. Dry hair's weight is minimal, and variations in hair density, texture, and length further complicate this claim. Additionally, the lack of definitive studies on the exact weight of a single hair strand makes it difficult to confirm or refute the claim with complete certainty. This likely stems from anecdotal evidence or misunderstandings rather than scientific accuracy. A haircut does not result in significant weight loss. Although cutting hair may remove around 50 to 100 grams, depending upon the amount of hair cut. This weight is minimal compared to overall body weight and is unlikely to affect weight measurements significantly. In the case of Vinesh Phogat, who was 100 grams over the weight limit, even a haircut and other extreme measures couldn't help her make the cut. This is especially true if her hair is relatively thin. Many factors, including hair density and length, influence the total weight of hair, but the overall impact on body weight remains negligible. Vinesh Phogat faced disqualification from the Paris Olympics 2024 after being 100 grams over the 50 kg weight limit for her wrestling category, even after going to extremes like cutting her hair and taking drastic weight loss measures. Despite her efforts, including dietary adjustments and hydration management, she was unable to meet the strict Olympic weight category requirements, which allow no exceptions for even minor excesses. The hair she cut likely weighed between 62 and 93 grams, which wasn't enough to make the critical difference. Misinformation about the weight of human hair might seem trivial, but it reflects a broader issue of how easily inaccurate data can spread on social media. These inaccuracies can lead to confusion and the propagation of false narratives that have no basis in reality. Body weight is the sum total of various components, including muscle, fat, bone, organs, and fluids. Hair, skin, and nails collectively contribute only a tiny fraction of this total. Based on available estimates, the weight of hair is likely between 62 and 93 grams for an average head of hair, depending on its density and length. However, without a definitive study to validate the exact weight of a single hair strand, the claim remains largely unsubstantiated.",Mostly False,Mostly False,
S170,MFCI-0337,"The People’s Voice article from June 29, 2023 falsely alleges that the doctors in the Netherlands are euthanizing citizens with autism and other minor disabilities, without fear of prosecution even if the patient no longer wishes to die. The headline states, ""Netherlands Begins Euthanizing Disabled People To 'Save the Planet'""","We found no evidence that confirms the Dutch euthanizing people without their consent. A website named ThePeoplesVoice.tv published the claimed article. This website is known for regularly publishing stories with no scientific evidence. We also have found evidence that shows The People's Voice, which used to be called Newspunch, is a well-known source of false information and has been around for a long time. They often spread stories that are not true. THIP MEDIA has previously debunked another claim by The People's Voice stating that the WEF impose new mandates on future human offspring. In another instance, we debunked a claim that Klaus Schwab's daughter said there would be permanent climate lockdowns. The claimed article has cited a recent study that analyzed instances of euthanasia in people with intellectual disabilities and autism spectrum disorders in the Netherlands. According to the study, several individuals with intellectual disabilities, including autism, made voluntary decisions to end their lives within the framework of Dutch law. But the article does not confirm whether these cases of euthanasia had no patient's consent. Moreover, no evidence confirms that doctors in the Netherlands were compelled to carry out euthanasia. Euthanasia in the Netherlands is legal under certain conditions but they strictly regulate the practice. It requires the explicit and voluntary request of the person who wishes to undergo euthanasia. The Netherlands had specific laws and regulations in place regarding euthanasia. Under these laws, physicians can perform euthanasia under specific criteria. These criteria include the patient's unbearable suffering and without any prospect of improvement. Besides this, the patient's voluntary request for euthanasia and a second independent physician confirming that the set criteria have been met. Euthanasia without a person's consent is illegal in the Netherlands. Such an action can be a severe violation of the law. Even a spokesperson for the Dutch government's Ministry of Health, Welfare and Sport, informed USA Today that the claim is a misinformation.",Mostly False,Mostly False,
S134,MFCI-0787,CDC Director Rochelle Walensky stated that Covid-19 vaccines cannot prevent transmission. Social media users claimed this proves Covid-19 vaccines are not capable of stopping the virus spread.,"Yes. However, her statement has been misinterpreted by social media users. Covid-19 vaccines were never meant to prevent transmission completely. A study shows that vaccines reduce the chance of hospitalization and death. Another research claims that Covid-19 vaccines are an 'important tool to decrease the spread of the virus and the rate of infection'. A Covid-19 vaccine can protect you from a few minutes of interaction with someone at a grocery store, but it may not prevent infection from people you live with. Yes. To a certain extent. Covid-19 vaccines can protect you from getting the infection and spreading it among people. A study shows that delta variant of Covid-19 spreads more easily than other variants and evades vaccine better. However, while efficiency of vaccines is reduced, they are still protective against the Covid-19 virus. Besides variant type, vaccination type and booster status are also responsible for acquiring the Covid-19 virus.",Partly True,Partly True,
S023,MFCI-1983,Weight loss can be achieved by eating less and exercising more,"According to medical editor Charles Patrick Davis, MD, PhD, weight loss refers to the reduction in body weight that can occur due to intentional efforts such as following a specific diet or engaging in regular exercise, or unintentionally as a result of factors like illness. Typically, weight loss primarily involves the loss of body fat and water, although in extreme cases, it can also lead to the depletion of protein and other substances in the body. It is important to understand that there is no quick way to loose weight.

The 'eat less, move more' approach is a common belief that suggests reducing calorie intake and increasing physical activity as a means of achieving weight loss. While this approach can be effective for some individuals, it is not a one-size-fits-all solution, and its effectiveness can vary. Weight loss is a complex process influenced by various factors, including genetics, metabolism, hormonal balance, and individual responses to diet and exercise. Some studies have shown that solely focusing on calorie restriction and exercise may not lead to sustainable weight loss for everyone. The effectiveness of weight loss strategies can also depend on factors such as adherence to the approach, overall dietary quality, and the presence of underlying health conditions. Additionally, factors like emotional eating, stress, sleep patterns, and individual lifestyle choices can impact weight management. Adopting a holistic approach can help with weight loss, including personalized dietary modifications, regular physical activity, behaviour changes, and addressing any underlying factors contributing to weight gain.

Weight loss refers to a reduction in overall body weight, which can occur through various factors, including a decrease in body fat, muscle mass, water weight, or even bone density. It's a general term that encompasses any decrease in body weight, regardless of the specific composition. On the other hand, fat loss specifically refers to a reduction in body fat while preserving lean muscle mass. The goal of fat loss is to decrease the amount of adipose tissue (fat) in the body while maintaining or improving muscle definition and overall body composition.

Nutritionist Priyanka informs, ""Healthy weight loss means fat loss. Excess of anything is bad. Keep body fat in check as too much fat can cause diabetes, high blood pressure, heart diseases, PCOS, fatty liver, back pain, knee pain, etc."" Fat loss is typically achieved through a combination of diet, exercise, and lifestyle changes. A calorie deficit is often necessary, meaning you consume fewer calories than you expend, which prompts the body to burn stored fat for energy. However, it's important to focus on sustainable, healthy habits rather than relying on extreme or restrictive measures that can be detrimental to your overall well-being.

According to Nutritionist Kamna Chauhan, ""Losing weight by simply eating less and exercising more may work in the short term as it burns calories and uses stored fat. However, when you go back to your normal diet, the weight can come back quickly. Most dieticians recommend a healthy weight loss approach that includes essential nutrients for proper body function. Weight loss is a complex process involving metabolism, hormones, and energy balance. It's not just about calories in and calories out. Factors like genetics, metabolism, and lifestyle also play a role in long-term success. It's difficult to sustain low-calorie diets and intense exercise for a long time. Once you return to your regular diet, cravings can increase, leading to weight gain.""",Partly True,Partly True,
S022,MFCI-1361,"Skipping breakfast can lead to gradual brain damage and an increased risk of memory loss. People who do not have breakfast in the morning experience brain damage slowly, and skipping breakfast for a long time leads to reduced brain capacity and leads to brain damage, which leads to serious problems like increased risk of memory loss.","The Medical Dialogues Fact Check Team spoke with Dr. Rahul Chawla, Associate Consultant, Neurology, PSRI, New Delhi, who said: ""Skipping breakfast has been shown to negatively impact memory functions, especially in children, in some low-powered studies. However, the claim that it may lead to 'memory loss' in the long term cannot be made based on these studies and high-powered studies with larger sample sizes are needed. Having said that, breakfast is an important meal of the day and should not be missed. Skipping breakfast is a known trigger factor for migraine. It is also associated with lowered immunity. While the importance of eating a healthy breakfast daily cannot be overemphasized, such scaremongering should be curtailed.""

Dr. Anshu Rohatgi, Senior Consultant Neurologist at Sir Ganga Ram Hospital, New Delhi, responded to the claim: ""Skipping breakfast can have some effects on memory and cognitive function. Research indicates that missing breakfast may lead to lower energy levels and reduced mental focus, which can impact memory performance. The brain relies on glucose for optimal functioning, and breakfast often provides a significant portion of this energy. However, it's important to note that while skipping breakfast might cause temporary memory issues, it doesn't necessarily lead to long-term memory loss or conditions like dementia. Consistently maintaining a balanced diet and healthy eating habits is crucial for overall brain health.""

The article explains that memory loss can arise from multiple factors including neurodegenerative conditions such as Alzheimer's Disease, Stroke, Vascular Cognitive Impairment, traumatic brain injury, structural lesions, nutritional deficiencies, lifestyle habits, and psychological factors such as depression.

Regarding the scientific evidence, the article cites multiple studies: A study published in Nutrients by Humberto Peña-Jorquera et al. found that skipping breakfast regularly was negatively linked with lower cognitive performance, especially in adolescents living with overweight/obesity — those who had breakfast immediately before a cognitive task performed better, especially with high-quality components such as dairy products. [3]

A study published by Masato Kawabata et al. in Nutrients observed that combining morning breakfast with exercise enhances adolescents' short-term performance and speed on mathematical tasks; those who consumed a low glycemic index breakfast and participated in 30 minutes of aerobic exercise showed improvements in mathematics scores and reaction times, compared to those who fasted during the morning. These improvements were noted as significant for short-term academic performance in youth but limited in scope. [4]

A 2022 study published in Innovation in Aging found that for people with diabetes, skipping breakfast is a risk factor for obesity and dyslipidemia, which are further associated with dementia. However, the study did not find any direct correlations between dementia and skipping breakfast. [6]

A study published in the Journal of Geriatric Psychiatry and Neurology by Rika Ishizuka et al. found that breakfast skipping is longitudinally associated with declines in cognitive scores among older adults. [7]

However, a 2013 study noted that skipping breakfast, which has been argued to have universally negative cognitive consequences, is a ""presumption"" unsupported by scientific evidence. [5] No study could be located that supported the claim that skipping breakfast can lead to brain damage in the long run.

Further, a study by Alby Elias et al. published in Nutrition Reviews found that intermittent fasting (a dietary pattern that alternates between periods of voluntary fasting and eating, which includes generally delaying or skipping breakfast) over the years may potentially reverse or delay the pathological process of Alzheimer's disease. [8]

The overall consensus: The majority of studies hint at short-term effects of skipping breakfast on cognitive function, but the long-term effect of skipping breakfast has not been established. There is scientific evidence related to positive impacts of intermittent fasting, including delaying or skipping breakfast, on cognitive functions. To establish a direct connection between skipping breakfast and linking it to brain damage and memory loss is misleading.

While consuming breakfast offers various benefits including cognitive advantages, no scientific evidence or medical consensus supports the claim that skipping breakfast can cause brain damage and increased risk of memory loss in the long run. Numerous studies have demonstrated that breakfast can enhance concentration, attention, and overall cognitive performance, particularly in school-aged children and adolescents. However, these studies do not conclusively link the absence of breakfast to any long-term cognitive deficits such as memory loss.",Partly True,Partly True,
S070,MFCI-1121,"Leech therapy cures cervical pain in 7 sessions. The Instagram reel by sehatplusshorts claims that after about seven sessions, the pain will almost completely disappear.","Dr. Raju Vaishya, Senior Consultant Orthopaedic and Joint Replacement Surgeon, Indraprastha Apollo Hospital, Delhi said: ""Leech Therapy for Cervical Pain is a controversial approach. While leech therapy has been used for centuries to treat various ailments, its effectiveness for cervical pain remains a subject of debate. Leeches can help increase blood flow to the affected area, potentially 'reducing inflammation and promoting healing'. Hence, some patients may report a decrease in pain after leech therapy. There may also be a component of the placebo effect for this pain relief. However, there is limited high-quality scientific research to support the use of leech therapy for cervical pain. Leech therapy can carry risks such as infection, bleeding, and worsening clinical symptoms and neurological deficit, in cases of severe cervical involvement.""

Dr. Manish Dhawan, Senior Deformity Correction Surgeon, Sir Ganga Ram Hospital further added: ""Leech therapy has been historically used for various conditions, but its role in managing cervical pain is not supported by substantial scientific evidence. While leeches release bioactive compounds, such as hirudin, which can have anti-inflammatory and analgesic effects, these benefits are temporary and have not been proven effective for long-term relief of conditions like cervical spondylosis or chronic neck pain. Modern medicine prioritizes evidence-based treatments for cervical pain, including physiotherapy, anti-inflammatory medications, and, in some cases, corticosteroid injections or other interventional pain management techniques. It is important to address the root causes of cervical pain, such as muscle strain, nerve compression, or degenerative disc disease, rather than rely on therapies that have not undergone rigorous clinical testing. Leech therapy may have limited applications in certain medical fields, such as reconstructive surgery or the treatment of venous congestion, but it is not a recommended approach for cervical pain. Patients should consult doctors for treatment options that are proven to be safe and effective.""

The article further explains that while research shows leech therapy can assist in pain relief, aid in healing of chronic wounds, and help manage frozen shoulder, there is no scientific evidence or medical consensus to back the claim that leech therapy can cure cervical pain in seven sessions. An open non-randomized trial published in The Pacific Journal of Science and Technology suggests leech therapy could be promising for alleviating pain in joint inflammation. Kübranur Ünal et al.'s literature review highlights its potential in treating post-traumatic and chronic non-healing wounds but notes more research is needed. An article in the International Journal of Health Sciences reported improvements in pain, stiffness, and range of motion when leech therapy was combined with Ashwagandhaghanvati and Panchatikta Ghrita Guggulu for frozen shoulder. However, no scientific study showing benefit of leech therapy in cases of cervical pain could be located. The article also notes side effects of Hirudo medicinalis: prolonged bleeding due to anticoagulant properties of leech saliva, bacterial infections from Aeromonas hydrophila (which can lead to pneumonia, septicemia, and gastroenteritis), and patients are typically advised to receive antibiotic treatment to mitigate infection risk.",Partly True,Partly True,
S013,MFCI-0603,"A video on Facebook promotes an Ayurvedic product named Zero Tar sold by Hindrishiayurveda.in, claiming that consumption of this product can assist in lung detoxification with natural ingredients and cure lungs affected by pollution and weather changes.","We could not find any evidence that shows how an ayurvedic syrup detoxifies the lungs. The available evidence only suggests that ayurvedic syrup cannot detoxify the lungs. Ayurvedic syrups can strengthen immunity to improve lung function. Dr. P Rammanohar, Research Director, Amrita Centre for Advanced Research in Ayurveda, stated, 'No detox syrup is available in Ayurveda that can cure lung damage. People with lung disease must opt for proper treatment to prevent further damage.' Pulmonologist Dr. Sarthak A Rastogi also informs that, 'There is no need for a lung detox diet. Eating a well-balanced diet that has all vitamins and minerals is enough.' Regarding the word 'detox,' it means a process or period in which people abstain from toxic or unhealthy substances. This definition recommends people not to eat specific food items to help the body rewind to its original state. But the video on Facebook claims the opposite of what detox word means. The video recommends having syrup to detoxify the lungs. There is no evidence to prove how an ayurvedic syrup can detoxify the lungs. Lungs are self-cleaning organs that will heal themselves.",Mostly False,Mostly False,
S186,MFCI-1998,Watermelon injected with artificial colour and chemicals causes cancer,"Erythrosine, also known as Red No. 3, is a synthetic red dye commonly used in various food, pharmaceuticals, and cosmetics. Chemically, it belongs to the xanthene class of dyes. Its approval is based on its perceived safety for human consumption in regulated amounts. However, concerns have been raised about its potential adverse effects, which may affect physiological processes such as those related to the pituitary gland and spermatogenesis. While erythrosine's genotoxic and mutagenic properties remain inconclusive, further research is warranted. The link between erythrosine and cancer is still a topic of debate and ongoing research. Some studies have suggested association between erythrosine and cancer development, while others have not found conclusive evidence. In 2015 a study looked at how erythrosine in tablets and food, affects liver health (liver cancer in rats). They found that erythrosine cause cancer and also affected various markers of liver health. It also altered the levels of antioxidant enzymes in the liver. Regarding human consumption, a daily intake of 0.1 mg per kilogram of body weight is safe, but its use has been linked with allergic reactions. Some in vitro studies suggest genotoxicity, in vivo studies show contradictory results. In a 1990 study, rats fed a diet containing 4% erythrosine for 30 months showed more growths in their thyroid glands. Eating erythrosine led to higher levels of thyroid hormones T4 and T3 in their blood, along with an increased response of the pituitary gland to TRH, a hormone that stimulates TSH production. This effect was attributed to reduced levels of the enzyme 5'-deiodinase in the liver, which converts T4 to T3. In a 2011 study, experts found that Erythrosine can cause thyroid tumours in rats, but it's because of how it affects the thyroid, not because it directly damages genes. They think these effects might not be very relevant to humans. Even at high consumption levels, people are still below the safe limit. Botanist Nidhi Singh supports the point by saying, ""While not all watermelons have erythrosine dye, it's crucial to continue enjoying them during the season. Remember, this dye is also observed in many other foods we eat. Even if some fruits and veggies have pesticides, the health benefits outweigh the risks. To avoid chemical-treated fruits, watch for signs like powdery residue, overly bright red insides, and any holes or cracks."" Red watermelons are safe to eat and are a nutritious and refreshing fruit that provides hydration, vitamins, minerals, and antioxidants. The red color of watermelon flesh comes from the presence of lycopene, a powerful antioxidant known for its potential health benefits, including supporting heart health and protecting against certain types of cancer.",Partly True,Partly True,
S064,MFCI-2258,Amla (Indian gooseberry) is good for skin and helps increase immunity,"Amla can improve skin health to a limited extent but cannot magically boost immunity. SKIN HEALTH: Amla has been used in traditional Indian medicine (Ayurveda) for promoting youthfulness and radiant skin. Scientific evidence shows limited but promising results due to antioxidant and collagen-protective effects. Dr. Ekansh Shekhar, Dermatologist, Cosmetologist, Trichologist, and Aesthetic Medicine Consultant in Lucknow said: ""Amla is a wonderful natural ingredient that supports healthy, youthful skin. Its rich antioxidant content helps protect collagen and improve skin texture over time. While it's not a miracle cure, regular use alongside good skincare and sun protection can noticeably enhance skin health and radiance."" A laboratory study published in the Journal of Ethnopharmacology (2008) found that amla extract stimulated procollagen production in human skin fibroblasts while inhibiting MMP-1 (an enzyme that breaks down collagen), suggesting it may help slow collagen degradation. A human trial published in Clinical, Cosmetic and Investigational Dermatology (2019) tested amla and lingonberry extracts in 99 healthy women over 12 weeks, showing measurable improvements in skin elasticity, hydration, and wrinkle depth - but effects were subtle, not dramatic, and came from a combination formula. A small study in Journal of Cosmetic Dermatology (2021) tested 0.1% amla branch extract gel on 20 volunteers for 84 days, showing increased skin elasticity, smoother texture, and reduction in fine lines. IMMUNE SYSTEM: The phrase ""boosting immunity"" is scientifically vague - the immune system is a complex network that cannot be simply ""boosted"" by one food. Dr. Sai Praveen Haranath, Intensivist and Pulmonologist at Apollo Hospitals, Hyderabad, explains that the immune system is a complex, multi-layered defence network of specialized cells and proteins like antibodies that protect from harmful pathogens, depending on essential nutrients like vitamins and zinc. He cautions that no single medicine or supplement can truly ""boost"" immunity as there is no solid scientific evidence. Amla contains natural vitamin C which plays a role in maintaining skin barrier, enhancing wound healing, and supporting immune response by stimulating white blood cells. Clinical Nutritionist Nidhi Sarin emphasizes that true immunity develops gradually through consistent healthy practices - balanced diet, physical activity, good lifestyle habits, and adequate sleep. Beyond vitamin C, amla contains polyphenols, tannins, and flavonoids with antioxidant and anti-inflammatory effects that may modulate immune activity. A mouse study in Toxicology and Industrial Health (2013) found amla extract protected thymocytes from arsenic-induced oxidative damage. A human trial in Japan gave 15 healthy adults 500 mg amla extract daily for 18 weeks, showing reduced oxidative stress markers and improved blood fluidity, but no direct immune parameters were measured. A systematic review in Nutrients (2023) evaluated 19 clinical studies finding improvements in cholesterol, blood sugar, and inflammation markers like CRP, but no consistent evidence for enhanced immunity in terms of infection resistance or immune-cell counts. SAFETY: Generally safe but high-dose supplements may cause digestive discomfort, acid reflux, or interactions with blood thinners and diabetes drugs. Amla can slightly lower blood sugar and cholesterol, so people on related medications should consult their doctor.",Partly True,Partly True,
S088,MFCI-2175,watermelon controls heart rate,"The pulse rate, which is also referred to as heart rate, is the count of heartbeats per minute. Typically, a healthy resting heart rate ranges between 60 to 100 beats per minute; however, it can fluctuate from moment to moment and intensity of exercise. Not really. There is no evidence to suggest that eating watermelon has a direct effect on controlling heart rate. Research states that the consumption of watermelon over a period of 7 days has been found to elevate heart rate. This can be attributed to watermelon's impact on blood flow, which is thought to be influenced by the presence of l-citrulline. This ingredient is believed to enhance the activity of the heart by acting on the blood vessels. Additionally, l-citrulline is known to stimulate the production of nitric oxide in the body. Nitric oxide helps to relax and expand blood vessels, leading to improved blood flow and reduced blood pressure. This is similar to how the erectile dysfunction drug Viagra works, which also helps to increase blood flow by stimulating nitric oxide production. Therefore, consuming watermelon can potentially lead to improved cardiovascular health by promoting better blood flow and reducing blood pressure. However, if a person is suffering from certain conditions which cause bradycardia (low heart rate) or tachycardia (increased heart rate), then they need to consult a medical expert in order to deal with the condition. In such cases, solely relying on dietary modifications wouldn't be sufficient and can delay prompt treatment. The doctor might need specific maneuvers, medication, cardioversion or surgery to control a rapid heartbeat. Similarly, in order to control bradycardia, the patient might need certain lifestyle changes, medication, and/or a pacemaker to control the condition. Certainly! Individuals with heart disease can consume watermelon as part of a healthy and balanced diet, but it should not be relied upon as the sole factor in controlling heart rate. It is important to view watermelon as one component of an overall healthy diet rather than a singular solution to manage heart rate or any other medical condition. Yes. Watermelon is a nutritious fruit that can provide health benefits when consumed in moderation. However, excessive consumption of watermelon, especially those with high levels of lycopene, may lead to intestinal discomforts such as nausea, diarrhea, indigestion, and bloating. Additionally, people with diabetes should be mindful of the natural sugar content in watermelon and consume it whole rather than as juice to avoid spiking their fasting blood sugar levels. It's also important to watch portion sizes. Furthermore, it's important to be cautious of watermelon that has been artificially enhanced with sweeteners and colourings. Some vendors inject watermelon with chemicals, which can produce bacterial colonies like E coli that cause illness.",Partly True,Partly True,
S192,MFCI-2155,Toothpaste causes cancer due to the presence of a cancer-inducing agent. The post suggests using powdered dental preparations like manjan and neem sticks instead of toothpaste.,"Toothpaste is generally safe to use and is not known to cause cancer if used as directed. Health authorities in many countries regulate the safety of toothpaste ingredients, and extensive research has been conducted to ensure their safety. Comprehensive cytotoxicity assessments are essential for all oral care product ingredients, including sodium lauryl sulfate, cocamidopropyl betaine, calcium carbonate, aluminium hydroxide, silica, and fluoride compounds. Fluoride, an essential component for dental health, is commonly found in toothpaste. However, excessive consumption of fluoride can lead to dental or skeletal fluorosis. It is important to note that the levels of fluoride in toothpaste are significantly below the threshold for causing cancer. Research indicates that fluoride concentrations up to 400 ppm are non-toxic, even with varied exposure durations. Paraben and sodium benzoate exhibit minimal cytotoxicity, while cocamidopropyl betaine and sodium lauryl sulfate are identified as more toxic. The debatable ingredient triclosan has been linked to the development of oncogenic conditions. Triclosan is an antimicrobial agent commonly found in household products, and it can enter the body through the mouth, gut, and skin. Triclosan is classified as a xenoestrogen, which means it can interfere with oestradiol receptors by mimicking them and potentially increasing the risk of breast cancer. This mechanism could also be associated with ovarian cancer. Nevertheless, these findings are limited to laboratory studies. Studies conducted on mice have shown that triclosan can contribute to colonic inflammation and even colon cancer. However, none of these studies directly suggest that triclosan present in toothpaste alone is responsible for the development of cancer. Scientific reviews conducted by reputable organisations such as the American Cancer Society have not found any compelling evidence linking toothpaste to cancer. There is no established causal relationship between toothpaste and the development of oral cancer. Dr Shivani Singh Mehta, Dental In-charge, MGM Hospital and Research Centre CBD Belapur, Navi Mumbai, stated that toothpastes may contain certain ingredients such as triclosan, aspartame, and parabens. However, toothpaste still plays a crucial role in maintaining oral hygiene and promoting healthy gums. It is advisable to carefully choose toothpaste and review the ingredient list before use. Individuals with medical conditions should consult their doctor before using any toothpaste. To ensure safety, it is essential to be aware of the components of toothpaste, use an appropriate amount, and strictly follow the 'no swallowing' rule. Dr Ketan Rajput (MDS), Periodontal Surgeon, explained that toothpaste is a common dental care product used to remove food debris and plaque from teeth and gums. However, there has been concern about the use of triclosan in toothpaste and other household products. Recent studies on mice have shown that triclosan can promote gut inflammation and speed up the growth of cancer cells in those with inflammatory bowel disease (IBD). While more research is needed to fully understand the effects of triclosan on other diseases, individuals with IBD and related conditions should choose toothpaste and other products that do not contain triclosan. It is important to note that toothpaste alone does not cause cancer. Dr Annusuiya Gohil, Ayurvedic expert, advised that using datun and manjan can have benefits for both dental and overall oral health. However, it is important to note that not all pastes are harmful and can cause cancer. Only certain types of pastes containing harmful ingredients can adversely affect one's health. Ayurveda recommends using specific sticks from various trees, each with its taste (rasa), based on individual health needs, instead of using Neem datun. Rather than declaring which is better, neem datun or toothpaste, it is wise to examine the ingredients in each thoroughly.",Partly True,Partly True,
